outlets,avg_rating,median_rating,latitude,longitude,segment_diversity
413,3.470944309927361,3.6,13.027488861985471,80.16530145278449,0.7360513257136666
362,3.5433701657458565,3.6,12.985600276243094,80.21326077348066,0.7328467261271171
328,3.487195121951219,3.6,13.088115548780488,80.17098109756097,0.6974521963280258
308,3.5876623376623376,3.6,13.034077922077923,80.22537792207791,0.7375869177428441
285,3.542456140350877,3.6,12.973459649122807,80.23779754385966,0.6469041917585455
278,3.631654676258993,3.6,13.065091007194244,80.21635107913669,0.7248657764818444
273,3.493772893772894,3.6,13.096342857142858,80.22482454212455,0.6276659299467989
265,3.4973584905660378,3.6,12.947336981132075,80.19569358490565,0.7244680304727654
255,3.5227450980392154,3.6,12.945436470588236,80.12683960784314,0.7349616481887048
245,3.692244897959184,3.7,13.048123265306122,80.23876530612246,0.7743737181753078
244,3.5213114754098362,3.6,13.02229918032787,80.18469262295083,0.6901603551134105
235,3.562553191489362,3.6,13.068389787234041,80.2050165957447,0.767065721850465
233,3.5570815450643773,3.6,12.962493133047209,80.22761545064378,0.7032417865525
214,3.5168224299065423,3.6,13.054690186915888,80.1872523364486,0.7541617373726437
213,3.475117370892019,3.6,12.934071830985916,80.15518920187793,0.6922642767972763
202,3.5737623762376236,3.6,13.064101485148514,80.22686534653465,0.7838348583579227
199,3.475879396984925,3.6,12.974306030150753,80.19618291457286,0.7364123291945617
196,3.603571428571428,3.6,13.012620408163267,80.24000867346939,0.7876726582802438
194,3.454639175257732,3.6,12.998853608247423,80.19295927835051,0.7225952329137986
190,3.4099999999999997,3.6,12.973734210526317,80.16100578947369,0.716514884150732
177,3.5033898305084747,3.6,12.96761581920904,80.15872090395479,0.6728867179185817
169,3.4467455621301775,3.6,13.10594674556213,80.20938639053254,0.6012434466819225
162,3.5160493827160497,3.6,12.912600617283951,80.22201481481483,0.6789330458767439
160,3.6100000000000003,3.6,13.034191875,80.253609375,0.7634498215133124
156,3.467948717948718,3.6,13.042179487179487,80.12554294871795,0.7304065952655687
154,3.5084415584415583,3.6,13.026072727272728,80.21252142857143,0.6921088175381095
140,3.5307142857142857,3.6,12.873754285714284,79.80217428571429,0.7717374406402476
130,3.456153846153846,3.6,13.062575384615386,80.24355846153847,0.7234423441502223
129,3.534108527131783,3.6,13.042791472868217,80.21743488372093,0.6836316080879803
122,3.469672131147541,3.6,13.034015573770493,80.18290163934427,0.8182242351811486
120,3.5433333333333334,3.6,12.865365,80.07369416666667,0.690620234154534
120,3.4991666666666665,3.6,13.093369166666667,80.26803583333334,0.7281300210137378
118,3.5042372881355934,3.6,13.086000847457628,80.12033220338982,0.6845223703110597
117,3.6623931623931623,3.6,13.00218888888889,80.24520085470085,0.7366158125961305
117,3.517094017094017,3.6,13.03775811965812,80.2051170940171,0.7006739012957042
116,3.8155172413793106,3.8,13.030425862068967,80.23877586206896,0.7622922201566604
116,3.5,3.6,12.990380172413794,80.23690172413794,0.7157844468730056
116,3.49051724137931,3.6,12.992360344827587,80.24348103448276,0.7760230063851697
116,3.4620689655172416,3.6,12.977233620689656,80.19713275862068,0.6946177216491033
116,3.595689655172414,3.6,13.059445689655172,80.23221034482759,0.8180345894916754
116,3.4827586206896552,3.6,13.049313793103448,80.25553534482758,0.6670786388244769
113,3.4106194690265483,3.6,12.94543185840708,80.20588407079646,0.6814931338145414
112,3.5151785714285713,3.6,12.88770892857143,80.21991696428572,0.71957154795959
108,3.4416666666666664,3.6,13.033519444444446,80.20202685185185,0.7631763357880204
105,3.4761904761904763,3.6,12.75769619047619,80.03921904761906,0.7918040388756798
101,3.5316831683168317,3.6,12.984551485148517,80.19139603960396,0.7241572183245287
98,3.6295918367346935,3.6,13.05509081632653,80.22403775510203,0.6706469627080482
95,3.542105263157895,3.6,13.050747368421051,80.25210842105263,0.6350467903993325
94,3.452127659574468,3.6,13.060955319148936,80.16476914893617,0.7330211522667549
92,3.5728260869565216,3.6,12.939864130434783,80.2193347826087,0.715810898928768
86,3.511627906976744,3.6,13.062783720930232,80.2102465116279,0.7841241366809288
75,3.4346666666666668,3.6,13.027893333333333,80.238452,0.7803402856804473
74,3.4310810810810812,3.6,13.043056756756757,80.19145405405405,0.6571281900784912
73,3.5260273972602736,3.6,13.15408904109589,80.29361095890411,0.7622292658334627
73,3.550684931506849,3.6,13.091575342465752,80.28044794520548,0.7186768577324304
73,3.5739726027397256,3.6,13.005993150684931,80.19925616438356,0.7341558913301076
73,3.4465753424657533,3.6,13.10221095890411,79.98671780821917,0.7474932475663474
70,3.512857142857143,3.6,13.04679,80.20674428571428,0.7406242052478972
69,3.546376811594203,3.6,13.06161304347826,80.21960144927536,0.6705616115822483
69,3.4579710144927533,3.6,12.86207391304348,80.21391594202899,0.7173277951408152
67,3.450746268656716,3.6,12.904062686567164,80.0949552238806,0.6566602911671094
65,3.4615384615384617,3.6,13.031163076923075,80.22027846153847,0.7164813534939394
61,3.527868852459016,3.6,12.891506557377049,80.21653606557378,0.7689875657514972
61,3.442622950819672,3.6,13.031759016393444,80.22048852459017,0.5880796585907381
60,3.481666666666667,3.6,13.074463333333334,80.24937333333334,0.7971665480649552
59,3.53728813559322,3.6,13.08806440677966,80.27153389830508,0.6926343852306054
59,3.4491525423728815,3.6,13.122013559322035,80.22535593220339,0.723905681735019
58,3.443103448275862,3.6,13.046524137931033,80.24789310344828,0.7833211249130511
55,3.505454545454546,3.6,12.942141818181819,80.22592363636363,0.7820717044664692
53,3.4358490566037734,3.5,13.127050943396226,80.18277547169812,0.7655699803354369
51,3.4862745098039216,3.6,12.990788235294119,80.23878235294119,0.7197238062919046
50,3.2460000000000004,3.4,12.629148,80.19374,0.6169364046457979
48,3.6291666666666664,3.6,13.087368749999998,80.2676875,0.7320132606542853
48,3.4145833333333333,3.6,12.825160416666668,80.21097291666666,0.7473036241723674
47,3.7297872340425533,3.6,13.039646808510637,80.25043617021277,0.7503122453498068
44,3.602272727272727,3.6,13.02556590909091,80.25192954545454,0.7778442957674434
43,3.6348837209302327,3.6,12.98546511627907,80.22848604651163,0.6668221484586521
43,3.4139534883720932,3.6,13.01205581395349,80.20269534883721,0.7390275130357971
42,3.5476190476190474,3.6,13.056307142857143,80.23302857142856,0.7481064087480286
41,3.368292682926829,3.6,13.079139024390242,80.27347804878049,0.5271209389874683
40,3.3375,3.5,13.06011,80.2619125,0.6312050410629952
40,3.4549999999999996,3.6,13.061112499999998,80.20475,0.8359419163154
38,3.5921052631578947,3.6500000000000004,12.990034210526316,80.21620789473684,0.7479103628948404
37,3.3945945945945946,3.6,12.897575675675675,80.22421351351352,0.5945950608606783
37,3.610810810810811,3.6,12.98118918918919,80.23942702702702,0.7949851911564099
36,3.55,3.6,13.006438888888889,80.22133888888888,0.7846577887465601
36,3.5,3.6,13.043550000000002,80.24191666666667,0.7994709494546842
35,3.531428571428571,3.6,12.893528571428572,80.22366285714286,0.5265356163306655
35,3.4085714285714284,3.6,12.99746,80.19977714285713,0.5667744183698976
34,3.4382352941176473,3.6,12.95285,80.2324294117647,0.6410368780742071
34,3.476470588235294,3.6,13.005997058823528,80.21454705882353,0.6030943597657884
31,3.519354838709677,3.6,13.066803225806451,80.23177741935484,0.5749134589627787
28,3.5107142857142857,3.6,13.016203571428573,80.17949642857141,0.6011048080852167
26,3.5076923076923077,3.6,13.0236,80.21456538461538,0.652519999202796
26,3.215384615384615,3.5,12.991034615384617,80.2258923076923,0.6608095150162817
26,3.5653846153846156,3.6,13.019838461538463,80.23603461538461,0.7147604219242493
25,3.4760000000000004,3.6,13.012536,80.243892,0.7912202298960621
24,3.1458333333333335,3.1500000000000004,12.912975000000001,80.23662083333333,0.6379636622426882
22,3.540909090909091,3.7,13.020100000000001,80.21797272727272,0.7227442977796038
21,3.580952380952381,3.6,13.027661904761905,80.2394,0.5723469271582529
18,3.388888888888889,3.6,12.9157,80.2412611111111,0.7135060187589041
17,3.5352941176470587,3.6,12.980041176470587,80.2279294117647,0.9163133490018098
17,3.4705882352941178,3.6,12.75124705882353,80.03468823529411,0.5771200097303041
17,3.4,3.6,12.970964705882354,80.23881176470589,0.587786143077036
16,3.50625,3.6,12.923024999999999,80.23884375,0.6556390622295665
15,3.6599999999999997,3.7,12.88974,80.11380000000001,0.510971521326466
13,3.523076923076923,3.6,13.071430769230771,80.13903076923076,0.3304214201784763
13,3.069230769230769,3.1,13.018592307692309,80.1595846153846,0.5381102783864219
12,3.233333333333333,3.45,12.940291666666667,80.23016666666666,0.3962406251802891
11,3.1727272727272724,3.6,12.832845454545456,80.22581818181818,0.36526508500031124
10,3.19,3.3499999999999996,13.00514,80.2474,0.6154797815570052
10,3.22,3.3,12.812479999999999,80.24877000000001,0.5618250990757782
9,3.5,3.6,13.010944444444444,80.19998888888888,0.5101643522524942
9,3.477777777777778,3.6,13.021422222222222,80.24815555555557,0.33035868661274076
9,3.5555555555555554,3.6,12.973433333333334,80.21319999999999,0.5101643522524942
7,3.8857142857142857,4.0,13.0405,80.2503,0.38294495142697227
7,3.9857142857142853,4.1,13.0455,80.2599,-0.0
7,3.6999999999999997,3.7,12.973885714285714,80.07775714285715,0.32840937867808384
6,3.8166666666666664,4.1,13.0617,80.2544,0.2166741405494514
6,3.516666666666667,3.5,13.0782,80.19425,0.4863826390090817
6,4.183333333333334,4.2,13.0569,80.2425,-0.0
6,4.066666666666667,4.25,13.0405,80.2503,0.2166741405494514
6,4.166666666666667,4.1,13.018099999999999,80.2726,-0.0
6,3.983333333333333,4.05,13.033499999999998,80.2531,-0.0
6,3.8166666666666664,3.8,13.0311,80.2579,0.5974937501201927
6,4.283333333333333,4.25,13.0067,80.2206,0.2166741405494514
6,3.3666666666666667,3.6,13.025983333333334,80.24406666666665,0.4172097224626076
6,3.6333333333333333,3.8499999999999996,13.058766666666665,80.23533333333334,0.5974937501201927
5,3.7399999999999998,3.6,12.9449,80.22694,0.5073093649624542
5,3.7399999999999998,3.7,12.997499999999999,80.1908,0.24064269829578747
5,3.34,3.5,12.6819,79.9888,0.24064269829578747
5,4.340000000000001,4.2,13.056900000000002,80.2425,-0.0
4,3.9000000000000004,3.8,12.6238,80.1952,-0.0
4,3.725,3.7,13.101275,80.18424999999999,0.5
4,3.6,3.5999999999999996,13.0418,80.2341,-0.0
4,3.575,3.75,12.9733,80.2509,0.2704260414863776
4,3.675,3.65,13.001975,80.10792500000001,0.5
4,3.25,3.35,12.8372,79.7042,0.33333333333333337
4,4.175,4.25,13.05,80.2121,-0.0
4,2.975,3.0,12.6208,80.1945,0.2704260414863776
4,3.675,3.7,13.0455,80.2599,-0.0
4,3.5,3.45,13.1915,80.1861,0.33333333333333337
4,4.0,4.0,13.0067,80.2206,0.2704260414863776
3,4.266666666666667,4.3,13.0569,80.2425,0.3060986113514965
3,4.266666666666667,4.3,12.837200000000001,79.7042,-0.0
3,3.9333333333333336,4.0,12.901000000000002,80.2279,-0.0
3,3.3666666666666667,3.6,13.0732,80.2609,0.3060986113514965
3,3.6666666666666665,3.8,13.0732,80.2609,0.3060986113514965
3,2.966666666666667,3.0,12.6819,79.9888,-0.0
3,3.766666666666667,3.6,13.0418,80.2341,0.5283208335737187
3,3.8333333333333335,3.8,12.914,80.2294,-0.0
3,3.9,4.1,13.0368,80.2676,-0.0
3,3.9333333333333336,4.0,13.0216,80.1807,-0.0
3,2.9333333333333336,2.7,13.0418,80.2341,0.3060986113514965
3,4.0,4.0,13.033499999999998,80.2531,-0.0
3,3.8000000000000003,3.9,12.9349,80.2137,-0.0
3,3.6666666666666665,3.8,12.8923,80.1889,0.5283208335737187
3,3.5,3.7,13.0051,80.1933,0.3060986113514965
3,3.6,3.6,12.8312,80.2301,0.3060986113514965
3,3.6666666666666665,3.7,12.9975,80.1908,0.3060986113514965
3,3.6666666666666665,3.7,13.0569,80.2425,0.3060986113514965
3,3.4,3.2,13.0732,80.2609,-0.0
3,3.6666666666666665,3.6,13.036,80.1453,0.3060986113514965
3,3.8000000000000003,3.8,13.0067,80.2206,-0.0
3,3.3666666666666667,3.5,12.6819,79.9888,0.5283208335737187
3,3.1999999999999997,2.9,13.0569,80.2425,0.5283208335737187
3,3.966666666666667,4.0,13.0569,80.2425,0.3060986113514965
3,4.166666666666667,4.0,13.033499999999998,80.2531,0.5283208335737187
3,4.366666666666667,4.4,13.0418,80.2341,0.3060986113514965
3,3.1999999999999997,3.5,13.0373,80.2123,0.3060986113514965
3,4.466666666666667,4.4,13.0569,80.2425,-0.0
3,2.8000000000000003,2.7,12.86,80.247,0.5283208335737187
3,3.8333333333333335,3.9,12.901000000000002,80.2279,0.3060986113514965
3,2.6666666666666665,2.7,13.0368,80.2676,-0.0
3,3.266666666666667,3.1,13.074166666666665,80.1882,0.5283208335737187
3,3.1,3.1,13.038199999999998,80.1565,0.3060986113514965
3,3.5666666666666664,3.6,13.0694,80.1948,0.3060986113514965
2,3.7,3.7,13.0732,80.2609,0.33333333333333337
2,2.4,2.4,12.8372,79.7042,-0.0
2,2.15,2.15,13.0732,80.2609,0.33333333333333337
2,3.3499999999999996,3.3499999999999996,12.901,80.2279,0.33333333333333337
2,3.85,3.85,12.9617,80.2562,-0.0
2,4.199999999999999,4.199999999999999,13.0067,80.2206,0.33333333333333337
2,3.4000000000000004,3.4000000000000004,13.05,80.2121,-0.0
2,3.5,3.5,12.9803,80.253,-0.0
2,2.95,2.95,12.6208,80.1945,0.33333333333333337
2,2.8,2.8,13.0587,80.2757,0.33333333333333337
2,3.0,3.0,13.0828,80.2417,0.33333333333333337
2,3.3499999999999996,3.3499999999999996,12.86,80.247,-0.0
2,2.8,2.8,13.0569,80.2425,0.33333333333333337
2,3.6,3.6,13.0459,80.2231,0.33333333333333337
2,3.55,3.55,12.9625,79.9453,0.33333333333333337
2,3.0,3.0,13.0418,80.2341,0.33333333333333337
2,3.55,3.55,12.8913,80.081,-0.0
2,3.2,3.2,13.0418,80.2341,0.33333333333333337
2,2.1,2.1,12.9975,80.2006,0.33333333333333337
2,3.25,3.25,12.8372,79.7042,0.33333333333333337
2,3.8499999999999996,3.8499999999999996,12.86,80.247,-0.0
2,3.1,3.1,13.0732,80.2609,-0.0
2,3.0,3.0,13.0732,80.2609,-0.0
2,3.5,3.5,13.0418,80.2341,0.33333333333333337
2,2.6500000000000004,2.6500000000000004,13.0368,80.2676,0.33333333333333337
2,3.6,3.6,13.0569,80.2425,-0.0
2,4.0,4.0,12.6269,80.1961,-0.0
2,3.5999999999999996,3.5999999999999996,13.0418,80.2341,-0.0
2,3.1500000000000004,3.1500000000000004,13.0732,80.2609,0.33333333333333337
2,2.25,2.25,13.0213,80.2231,-0.0
2,2.8,2.8,13.0694,80.1948,0.33333333333333337
2,3.45,3.45,12.9416,80.2362,0.33333333333333337
2,2.3,2.3,12.86,80.247,-0.0
2,3.55,3.55,13.054,80.2641,0.33333333333333337
2,2.45,2.45,13.0418,80.2341,-0.0
2,4.1,4.1,13.0405,80.2503,0.33333333333333337
2,3.25,3.25,13.029900000000001,80.20775,0.33333333333333337
2,2.95,2.95,13.0837,80.175,0.33333333333333337
2,3.55,3.55,13.0418,80.2341,-0.0
2,4.3,4.3,13.0173,80.2704,-0.0
2,4.4,4.4,13.054,80.2641,0.33333333333333337
2,2.65,2.65,13.1349,80.2316,-0.0
2,4.1,4.1,12.97595,80.20644999999999,0.33333333333333337
2,4.05,4.05,13.0181,80.2726,0.33333333333333337
2,2.9,2.9,13.0368,80.2676,-0.0
2,3.75,3.75,13.06055,80.2174,-0.0
2,3.4,3.4,13.0074,80.24855,-0.0
2,3.4,3.4,13.0617,80.2544,-0.0
2,3.05,3.05,13.0067,80.2206,-0.0
2,3.7,3.7,13.0317,80.1817,-0.0
2,4.0,4.0,13.0902,80.2543,-0.0
2,2.4,2.4,13.0521,80.2255,0.33333333333333337
2,3.5,3.5,12.6819,79.9888,-0.0
2,2.3,2.3,12.9416,80.2362,-0.0
2,3.6500000000000004,3.6500000000000004,13.1227,79.9118,0.33333333333333337
2,3.95,3.95,13.03,80.2421,0.33333333333333337
1,4.3,4.3,12.9755,80.2207,-0.0
1,2.5,2.5,13.0732,80.2609,-0.0
1,2.5,2.5,13.0724,80.2102,-0.0
1,4.2,4.2,12.86,80.247,-0.0
1,3.1,3.1,12.983,80.2594,-0.0
1,2.6,2.6,12.86,80.247,-0.0
1,2.9,2.9,12.8372,79.7042,-0.0
1,3.3,3.3,12.914,80.2294,-0.0
1,4.1,4.1,12.914,80.2294,-0.0
1,4.2,4.2,13.0418,80.2341,-0.0
1,3.5,3.5,12.9675,80.1491,-0.0
1,2.7,2.7,13.05,80.2121,-0.0
1,3.8,3.8,13.0489,80.2586,-0.0
1,3.6,3.6,13.0418,80.2341,-0.0
1,3.1,3.1,13.0724,80.2102,-0.0
1,3.6,3.6,13.0418,80.2341,-0.0
1,3.2,3.2,12.8459,80.2265,-0.0
1,2.7,2.7,13.0853,80.2607,-0.0
1,3.6,3.6,12.8372,79.7042,-0.0
1,3.0,3.0,13.0828,80.2417,-0.0
1,3.7,3.7,13.054,80.2641,-0.0
1,3.0,3.0,13.1186,80.1574,-0.0
1,4.2,4.2,12.914,80.2294,-0.0
1,4.1,4.1,12.6208,80.1945,-0.0
1,3.6,3.6,13.0521,80.2255,-0.0
1,4.0,4.0,12.914,80.2294,-0.0
1,3.8,3.8,13.0732,80.2609,-0.0
1,3.0,3.0,13.0012,80.2565,-0.0
1,3.0,3.0,12.914,80.2294,-0.0
1,3.2,3.2,13.0569,80.2425,-0.0
1,3.6,3.6,12.6819,79.9888,-0.0
1,2.2,2.2,13.0828,80.2417,-0.0
1,3.8,3.8,12.914,80.2294,-0.0
1,3.7,3.7,13.0368,80.2676,-0.0
1,4.0,4.0,12.6208,80.1945,-0.0
