南京_20240313_C1001	C1001	南京	奥迪	66.9	2024/3/13	孙颖	sold
上海_20240411_C1002	C1002	上海	奥迪	40.4	2024/4/11	沈伟	sold
重庆_20240520_C1003	C1003	重庆	本田	27.4	2024/5/20	杨强	pending
广州_20241208_C1004	C1004	广州	奔驰	66.8	2024/12/8	沈洋	sold
西安_20240305_C1005	C1005	西安	特斯拉	37.4	2024/3/5	郭敏	sold
天津_20241218_C1006	C1006	天津	特斯拉	42.7	2024/12/18	沈军	pending
上海_20240610_C1007	C1007	上海	长城	18.9	2024/6/10	周宁	sold
郑州_20240131_C1008	C1008	郑州	蔚来	46.2	2024/1/31	王芳	pending
宁波_20240112_C1009	C1009	宁波	理想	47.4	2024/1/12	吴丽	sold
宁波_20241213_C1010	C1010	宁波	本田	22.9	2024/12/13	郑强	sold
天津_20241201_C1011	C1011	天津	蔚来	41.3	2024/12/1	沈静	sold
杭州_20240905_C1012	C1012	杭州	丰田	26.1	2024/9/5	刘静	sold
北京_20240522_C1013	C1013	北京	比亚迪	25.8	2024/5/22	陈超	sold
成都_20240619_C1014	C1014	成都	蔚来	45.4	2024/6/19	陈洋	pending
沈阳_20240727_C1015	C1015	沈阳	五菱	4.7	2024/7/27	周涛	sold
昆明_20240606_C1016	C1016	昆明	大众	24.2	2024/6/6	郑敏	pending
广州_20240408_C1017	C1017	广州	小鹏	33	2024/4/8	周芳	sold
西安_20241103_C1018	C1018	西安	理想	42.4	2024/11/3	周伟	sold
西安_20240921_C1019	C1019	西安	理想	35.4	2024/9/21	杨强	sold
成都_20241106_C1020	C1020	成都	小鹏	28.2	2024/11/6	郑敏	sold
沈阳_20240705_C1021	C1021	沈阳	特斯拉	34.5	2024/7/5	杨杰	sold
南京_20240426_C1022	C1022	南京	蔚来	45.3	2024/4/26	杨强	pending
西安_20241207_C1023	C1023	西安	大众	18.2	2024/12/7	张伟	sold
南京_20240801_C1024	C1024	南京	丰田	22.4	2024/8/1	赵洋	sold
昆明_20241013_C1025	C1025	昆明	奔驰	47.1	2024/10/13	赵杰	sold
天津_20241015_C1026	C1026	天津	吉利	19.3	2024/10/15	杨洋	pending
沈阳_20240615_C1027	C1027	沈阳	五菱	11.7	2024/6/15	沈军	pending
南京_20240920_C1028	C1028	南京	蔚来	37.3	2024/9/20	沈超	sold
西安_20240815_C1029	C1029	西安	丰田	14.6	2024/8/15	郭伟	sold
长沙_20240926_C1030	C1030	长沙	五菱	9.3	2024/9/26	周静	sold
北京_20240212_C1031	C1031	北京	长安	10.9	2024/2/12	唐强	sold
武汉_20241106_C1032	C1032	武汉	长安	15.1	2024/11/6	郑静	sold
广州_20240422_C1033	C1033	广州	小鹏	30.2	2024/4/22	沈伟	sold
西安_20240118_C1034	C1034	西安	奥迪	32	2024/1/18	周丽	pending
武汉_20241016_C1035	C1035	武汉	大众	19.6	2024/10/16	杨超	sold
深圳_20240831_C1036	C1036	深圳	蔚来	46	2024/8/31	杨涛	pending
昆明_20240505_C1037	C1037	昆明	长安	14.5	2024/5/5	郭宁	pending
武汉_20240222_C1038	C1038	武汉	吉利	15.5	2024/2/22	沈颖	sold
昆明_20241014_C1039	C1039	昆明	长安	12.5	2024/10/14	唐宁	sold
南京_20241024_C1040	C1040	南京	理想	42.9	2024/10/24	吴强	sold
西安_20240204_C1041	C1041	西安	奥迪	60.8	2024/2/4	陈超	sold
苏州_20240718_C1042	C1042	苏州	本田	28	2024/7/18	王宁	sold
沈阳_20240724_C1043	C1043	沈阳	奥迪	38.9	2024/7/24	张娜	sold
青岛_20241221_C1044	C1044	青岛	大众	22.5	2024/12/21	郭军	pending
宁波_20240111_C1045	C1045	宁波	本田	20.4	2024/1/11	杨静	sold
昆明_20240617_C1046	C1046	昆明	特斯拉	30.1	2024/6/17	郭娜	sold
深圳_20240908_C1047	C1047	深圳	小鹏	29.4	2024/9/8	杨丽	pending
上海_20241005_C1048	C1048	上海	五菱	4.6	2024/10/5	吴伟	sold
成都_20241120_C1049	C1049	成都	理想	41.9	2024/11/20	王静	sold
苏州_20241212_C1050	C1050	苏州	蔚来	33.7	2024/12/12	郑敏	sold
武汉_20241103_C1051	C1051	武汉	比亚迪	7.4	2024/11/3	赵涛	pending
上海_20240211_C1052	C1052	上海	大众	21.1	2024/2/11	张颖	pending
沈阳_20240923_C1053	C1053	沈阳	长安	16.9	2024/9/23	周军	pending
广州_20240608_C1054	C1054	广州	长安	14.2	2024/6/8	郭颖	sold
杭州_20240312_C1055	C1055	杭州	理想	56.5	2024/3/12	张丽	pending
重庆_20241009_C1056	C1056	重庆	长城	14.9	2024/10/9	吴鹏	pending
北京_20240503_C1057	C1057	北京	丰田	23.2	2024/5/3	杨伟	sold
沈阳_20240722_C1058	C1058	沈阳	长安	8.7	2024/7/22	沈军	sold
广州_20241025_C1059	C1059	广州	大众	12.9	2024/10/25	李静	sold
长沙_20240612_C1060	C1060	长沙	奔驰	58.8	2024/6/12	唐洋	pending
西安_20240701_C1061	C1061	西安	丰田	34.9	2024/7/1	周宁	sold
青岛_20240201_C1062	C1062	青岛	长安	12.9	2024/2/1	陈军	sold
长沙_20240112_C1063	C1063	长沙	丰田	24.4	2024/1/12	张敏	sold
广州_20240613_C1064	C1064	广州	理想	35.1	2024/6/13	郑娜	sold
深圳_20240902_C1065	C1065	深圳	蔚来	53.4	2024/9/2	唐超	pending
北京_20241208_C1066	C1066	北京	蔚来	53.8	2024/12/8	唐娜	sold
西安_20240114_C1067	C1067	西安	奔驰	69.8	2024/1/14	李杰	sold
深圳_20241202_C1068	C1068	深圳	长城	19.4	2024/12/2	林娜	sold
成都_20240612_C1069	C1069	成都	长城	11.9	2024/6/12	郭静	sold
沈阳_20240702_C1070	C1070	沈阳	五菱	7.6	2024/7/2	刘敏	sold
成都_20240208_C1071	C1071	成都	特斯拉	37	2024/2/8	沈超	pending
长沙_20241021_C1072	C1072	长沙	蔚来	41.4	2024/10/21	郑娜	sold
昆明_20240524_C1073	C1073	昆明	丰田	30.9	2024/5/24	吴强	sold
成都_20241017_C1074	C1074	成都	长安	10.6	2024/10/17	张军	sold
苏州_20240926_C1075	C1075	苏州	小鹏	24.5	2024/9/26	张鹏	sold
郑州_20240302_C1076	C1076	郑州	奔驰	75.7	2024/3/2	吴强	sold
沈阳_20240111_C1077	C1077	沈阳	特斯拉	36.3	2024/1/11	沈敏	pending
南京_20240923_C1078	C1078	南京	吉利	10.2	2024/9/23	王超	sold
成都_20241114_C1079	C1079	成都	理想	42.5	2024/11/14	孙宁	pending
南京_20240915_C1080	C1080	南京	小鹏	40.7	2024/9/15	周静	pending
武汉_20240702_C1081	C1081	武汉	小鹏	29	2024/7/2	杨丽	pending
昆明_20240401_C1082	C1082	昆明	五菱	7.8	2024/4/1	沈鹏	sold
沈阳_20241022_C1083	C1083	沈阳	宝马	73.7	2024/10/22	孙强	pending
苏州_20240914_C1084	C1084	苏州	特斯拉	47.8	2024/9/14	孙军	pending
上海_20240507_C1085	C1085	上海	特斯拉	37.9	2024/5/7	杨丽	sold
青岛_20241006_C1086	C1086	青岛	比亚迪	8.4	2024/10/6	陈静	sold
苏州_20240101_C1087	C1087	苏州	长城	13.2	2024/1/1	林超	pending
广州_20241128_C1088	C1088	广州	长城	11.4	2024/11/28	刘军	pending
深圳_20240229_C1089	C1089	深圳	奔驰	37.4	2024/2/29	陈超	sold
苏州_20240104_C1090	C1090	苏州	小鹏	37	2024/1/4	沈洋	sold
郑州_20241002_C1091	C1091	郑州	长安	9.7	2024/10/2	杨敏	pending
武汉_20240908_C1092	C1092	武汉	特斯拉	32.5	2024/9/8	郑超	sold
苏州_20241218_C1093	C1093	苏州	五菱	10.7	2024/12/18	沈伟	sold
青岛_20241108_C1094	C1094	青岛	蔚来	48.4	2024/11/8	王洋	sold
沈阳_20241106_C1095	C1095	沈阳	吉利	8.2	2024/11/6	刘芳	sold
武汉_20241018_C1096	C1096	武汉	奔驰	61.5	2024/10/18	陈洋	sold
广州_20240221_C1097	C1097	广州	小鹏	38.8	2024/2/21	郑涛	sold
北京_20240823_C1098	C1098	北京	蔚来	36.3	2024/8/23	赵敏	sold
武汉_20240825_C1099	C1099	武汉	大众	16.7	2024/8/25	沈静	sold
上海_20241116_C1100	C1100	上海	奔驰	67	2024/11/16	吴洋	sold
郑州_20240830_C1101	C1101	郑州	蔚来	33.8	2024/8/30	林军	sold
广州_20240618_C1102	C1102	广州	五菱	13.7	2024/6/18	刘伟	pending
杭州_20240908_C1103	C1103	杭州	丰田	24.4	2024/9/8	李颖	sold
北京_20240222_C1104	C1104	北京	比亚迪	9	2024/2/22	王军	sold
武汉_20240527_C1105	C1105	武汉	比亚迪	18.8	2024/5/27	郭涛	sold
重庆_20240803_C1106	C1106	重庆	奥迪	36.4	2024/8/3	沈静	pending
重庆_20240814_C1107	C1107	重庆	比亚迪	18.9	2024/8/14	刘伟	sold
宁波_20240817_C1108	C1108	宁波	理想	32.4	2024/8/17	唐杰	pending
青岛_20240930_C1109	C1109	青岛	丰田	14.6	2024/9/30	李涛	sold
杭州_20241115_C1110	C1110	杭州	奥迪	27.8	2024/11/15	郭敏	sold
成都_20240103_C1111	C1111	成都	宝马	62.5	2024/1/3	郑静	sold
北京_20240803_C1112	C1112	北京	理想	40.7	2024/8/3	赵鹏	sold
南京_20240812_C1113	C1113	南京	小鹏	39.1	2024/8/12	陈芳	sold
南京_20240608_C1114	C1114	南京	比亚迪	25.7	2024/6/8	王颖	sold
北京_20240815_C1115	C1115	北京	宝马	69.6	2024/8/15	张强	sold
郑州_20240416_C1116	C1116	郑州	五菱	4.8	2024/4/16	张丽	sold
杭州_20240727_C1117	C1117	杭州	吉利	17.3	2024/7/27	赵丽	sold
深圳_20241224_C1118	C1118	深圳	奔驰	87.7	2024/12/24	陈静	pending
长沙_20241225_C1119	C1119	长沙	宝马	34	2024/12/25	郑娜	sold
苏州_20241104_C1120	C1120	苏州	比亚迪	15.6	2024/11/4	王敏	pending
广州_20240818_C1121	C1121	广州	比亚迪	30.7	2024/8/18	杨超	pending
宁波_20241004_C1122	C1122	宁波	丰田	30.8	2024/10/4	林军	pending
苏州_20240104_C1123	C1123	苏州	蔚来	55.4	2024/1/4	李颖	pending
南京_20240725_C1124	C1124	南京	大众	25.5	2024/7/25	王娜	pending
北京_20240103_C1125	C1125	北京	蔚来	47.2	2024/1/3	杨强	sold
北京_20240118_C1126	C1126	北京	奔驰	63.2	2024/1/18	周鹏	sold
沈阳_20240507_C1127	C1127	沈阳	吉利	9.8	2024/5/7	唐鹏	sold
沈阳_20241107_C1128	C1128	沈阳	宝马	58.1	2024/11/7	陈洋	sold
西安_20240208_C1129	C1129	西安	奥迪	48.8	2024/2/8	郑军	pending
南京_20240212_C1130	C1130	南京	大众	13.3	2024/2/12	陈超	sold
上海_20240919_C1131	C1131	上海	小鹏	18.8	2024/9/19	赵超	sold
南京_20240106_C1132	C1132	南京	长城	18.4	2024/1/6	陈颖	sold
青岛_20240321_C1133	C1133	青岛	特斯拉	45.6	2024/3/21	李超	pending
重庆_20241021_C1134	C1134	重庆	理想	52.5	2024/10/21	吴杰	pending
青岛_20241106_C1135	C1135	青岛	本田	18.1	2024/11/6	郭静	sold
沈阳_20241027_C1136	C1136	沈阳	小鹏	28.6	2024/10/27	孙丽	sold
南京_20241009_C1137	C1137	南京	长安	7.5	2024/10/9	郭伟	sold
广州_20240720_C1138	C1138	广州	特斯拉	40.6	2024/7/20	杨丽	sold
苏州_20241025_C1139	C1139	苏州	特斯拉	30.3	2024/10/25	郭军	sold
深圳_20240222_C1140	C1140	深圳	大众	29.2	2024/2/22	王丽	sold
重庆_20240619_C1141	C1141	重庆	宝马	76.2	2024/6/19	周宁	sold
苏州_20241001_C1142	C1142	苏州	奔驰	71.8	2024/10/1	王涛	sold
广州_20240821_C1143	C1143	广州	吉利	17.8	2024/8/21	唐丽	sold
郑州_20240911_C1144	C1144	郑州	大众	18.2	2024/9/11	沈超	sold
北京_20241023_C1145	C1145	北京	大众	15.6	2024/10/23	陈杰	sold
杭州_20240813_C1146	C1146	杭州	宝马	68.1	2024/8/13	郭丽	sold
南京_20240919_C1147	C1147	南京	五菱	3.5	2024/9/19	周敏	sold
重庆_20241003_C1148	C1148	重庆	五菱	8	2024/10/3	杨超	sold
宁波_20241130_C1149	C1149	宁波	比亚迪	26.5	2024/11/30	孙宁	sold
北京_20241124_C1150	C1150	北京	蔚来	47.5	2024/11/24	孙伟	sold
成都_20240913_C1151	C1151	成都	特斯拉	39.6	2024/9/13	孙强	sold
杭州_20241102_C1152	C1152	杭州	五菱	8.8	2024/11/2	郭洋	sold
青岛_20240613_C1153	C1153	青岛	本田	29.9	2024/6/13	赵涛	pending
广州_20240520_C1154	C1154	广州	奥迪	52.6	2024/5/20	唐敏	sold
广州_20240509_C1155	C1155	广州	小鹏	22.6	2024/5/9	张宁	sold
上海_20240126_C1156	C1156	上海	奔驰	84.5	2024/1/26	郑鹏	sold
沈阳_20240418_C1157	C1157	沈阳	五菱	4	2024/4/18	唐超	pending
重庆_20240703_C1158	C1158	重庆	小鹏	26.9	2024/7/3	刘军	sold
重庆_20240707_C1159	C1159	重庆	吉利	18.8	2024/7/7	刘芳	sold
西安_20240214_C1160	C1160	西安	奥迪	53.4	2024/2/14	林颖	sold
深圳_20240221_C1161	C1161	深圳	奔驰	84.9	2024/2/21	郭鹏	sold
成都_20240218_C1162	C1162	成都	比亚迪	10.9	2024/2/18	刘杰	sold
昆明_20241108_C1163	C1163	昆明	奔驰	51.7	2024/11/8	沈敏	sold
昆明_20241009_C1164	C1164	昆明	本田	23.7	2024/10/9	王鹏	sold
沈阳_20240804_C1165	C1165	沈阳	蔚来	52.6	2024/8/4	张涛	pending
宁波_20241109_C1166	C1166	宁波	小鹏	39	2024/11/9	郑鹏	sold
南京_20240928_C1167	C1167	南京	比亚迪	9	2024/9/28	周伟	pending
长沙_20241229_C1168	C1168	长沙	理想	32	2024/12/29	林伟	sold
深圳_20240624_C1169	C1169	深圳	长城	24.6	2024/6/24	沈芳	pending
苏州_20240308_C1170	C1170	苏州	比亚迪	27.5	2024/3/8	吴芳	sold
沈阳_20241203_C1171	C1171	沈阳	奥迪	62.8	2024/12/3	李芳	pending
成都_20240114_C1172	C1172	成都	吉利	18.3	2024/1/14	周强	pending
广州_20240617_C1173	C1173	广州	比亚迪	29.1	2024/6/17	陈杰	sold
广州_20240715_C1174	C1174	广州	丰田	24.1	2024/7/15	陈芳	sold
杭州_20240909_C1175	C1175	杭州	小鹏	38.7	2024/9/9	吴涛	sold
苏州_20240520_C1176	C1176	苏州	奥迪	57.4	2024/5/20	陈芳	sold
沈阳_20240709_C1177	C1177	沈阳	理想	43.6	2024/7/9	刘颖	sold
昆明_20240310_C1178	C1178	昆明	丰田	28.3	2024/3/10	周杰	pending
南京_20241005_C1179	C1179	南京	蔚来	34.9	2024/10/5	刘杰	pending
上海_20240606_C1180	C1180	上海	五菱	7.1	2024/6/6	郭涛	sold
上海_20241229_C1181	C1181	上海	宝马	66.9	2024/12/29	赵超	sold
重庆_20240413_C1182	C1182	重庆	丰田	36.2	2024/4/13	吴军	pending
苏州_20240216_C1183	C1183	苏州	长城	25.1	2024/2/16	陈丽	pending
深圳_20240902_C1184	C1184	深圳	小鹏	38.4	2024/9/2	赵强	sold
武汉_20241230_C1185	C1185	武汉	本田	11.1	2024/12/30	唐强	sold
西安_20240321_C1186	C1186	西安	理想	36.3	2024/3/21	孙丽	sold
西安_20240117_C1187	C1187	西安	奥迪	67.6	2024/1/17	杨杰	sold
昆明_20241002_C1188	C1188	昆明	长安	17.1	2024/10/2	唐丽	sold
深圳_20240812_C1189	C1189	深圳	理想	49.4	2024/8/12	张芳	pending
北京_20240220_C1190	C1190	北京	本田	13.8	2024/2/20	林军	sold
杭州_20241023_C1191	C1191	杭州	长安	16.5	2024/10/23	周敏	sold
杭州_20240126_C1192	C1192	杭州	理想	36	2024/1/26	周强	sold
成都_20240926_C1193	C1193	成都	蔚来	40.2	2024/9/26	林涛	sold
广州_20241112_C1194	C1194	广州	奔驰	78.3	2024/11/12	郑娜	pending
杭州_20241231_C1195	C1195	杭州	小鹏	33.8	2024/12/31	陈超	sold
昆明_20240805_C1196	C1196	昆明	长城	10.3	2024/8/5	吴涛	sold
北京_20241028_C1197	C1197	北京	宝马	68.6	2024/10/28	郭静	pending
重庆_20240520_C1198	C1198	重庆	长安	15	2024/5/20	吴涛	sold
成都_20240111_C1199	C1199	成都	长城	13.6	2024/1/11	周杰	pending
深圳_20240807_C1200	C1200	深圳	奔驰	78.5	2024/8/7	赵丽	sold
杭州_20240412_C1201	C1201	杭州	比亚迪	10.7	2024/4/12	刘强	pending
宁波_20240206_C1202	C1202	宁波	长城	12	2024/2/6	王丽	sold
重庆_20241211_C1203	C1203	重庆	长安	15.6	2024/12/11	王丽	sold
成都_20241107_C1204	C1204	成都	小鹏	22.4	2024/11/7	张芳	sold
郑州_20240502_C1205	C1205	郑州	宝马	62.8	2024/5/2	王娜	sold
南京_20240717_C1206	C1206	南京	奥迪	31.8	2024/7/17	周敏	sold
成都_20240904_C1207	C1207	成都	本田	22.6	2024/9/4	沈颖	sold
杭州_20240719_C1208	C1208	杭州	吉利	15.5	2024/7/19	张超	sold
深圳_20241218_C1209	C1209	深圳	丰田	28.6	2024/12/18	刘洋	sold
武汉_20240413_C1210	C1210	武汉	奥迪	36	2024/4/13	唐超	sold
宁波_20241016_C1211	C1211	宁波	小鹏	40.9	2024/10/16	陈敏	pending
武汉_20240606_C1212	C1212	武汉	比亚迪	14.2	2024/6/6	唐娜	sold
深圳_20240920_C1213	C1213	深圳	吉利	19.5	2024/9/20	郑敏	sold
南京_20240613_C1214	C1214	南京	大众	12.8	2024/6/13	郭芳	sold
深圳_20240422_C1215	C1215	深圳	蔚来	33.5	2024/4/22	吴颖	sold
上海_20241211_C1216	C1216	上海	小鹏	33	2024/12/11	刘超	sold
青岛_20240807_C1217	C1217	青岛	奔驰	69	2024/8/7	孙强	sold
昆明_20240924_C1218	C1218	昆明	大众	15.6	2024/9/24	王强	pending
南京_20241019_C1219	C1219	南京	小鹏	38.5	2024/10/19	郑强	sold
武汉_20240813_C1220	C1220	武汉	奔驰	92.2	2024/8/13	沈强	pending
郑州_20240721_C1221	C1221	郑州	大众	24.8	2024/7/21	郑静	sold
北京_20240720_C1222	C1222	北京	小鹏	39.5	2024/7/20	赵军	sold
宁波_20240226_C1223	C1223	宁波	宝马	68.1	2024/2/26	赵宁	sold
杭州_20240914_C1224	C1224	杭州	五菱	3.1	2024/9/14	陈超	sold
杭州_20240509_C1225	C1225	杭州	小鹏	24.4	2024/5/9	唐杰	sold
深圳_20240315_C1226	C1226	深圳	小鹏	41.4	2024/3/15	张超	pending
长沙_20240702_C1227	C1227	长沙	五菱	4.6	2024/7/2	陈鹏	pending
宁波_20241011_C1228	C1228	宁波	长城	23.3	2024/10/11	沈洋	pending
苏州_20240413_C1229	C1229	苏州	理想	46.4	2024/4/13	郭静	sold
成都_20240829_C1230	C1230	成都	长安	15.5	2024/8/29	孙强	sold
苏州_20241004_C1231	C1231	苏州	长安	14	2024/10/4	郑娜	sold
成都_20240717_C1232	C1232	成都	丰田	17.5	2024/7/17	赵敏	sold
青岛_20241215_C1233	C1233	青岛	大众	11.8	2024/12/15	杨军	sold
苏州_20241114_C1234	C1234	苏州	小鹏	39.5	2024/11/14	刘宁	sold
南京_20240819_C1235	C1235	南京	奔驰	99.9	2024/8/19	陈宁	sold
广州_20240626_C1236	C1236	广州	宝马	45.8	2024/6/26	林颖	sold
长沙_20241123_C1237	C1237	长沙	特斯拉	29.9	2024/11/23	吴涛	sold
上海_20240509_C1238	C1238	上海	比亚迪	12.2	2024/5/9	赵军	sold
南京_20241114_C1239	C1239	南京	理想	47.2	2024/11/14	周军	sold
郑州_20240614_C1240	C1240	郑州	蔚来	35.2	2024/6/14	杨宁	sold
天津_20241122_C1241	C1241	天津	宝马	50.4	2024/11/22	李杰	sold
昆明_20240305_C1242	C1242	昆明	奔驰	72.7	2024/3/5	林宁	pending
沈阳_20240102_C1243	C1243	沈阳	小鹏	27.1	2024/1/2	赵丽	sold
深圳_20240429_C1244	C1244	深圳	长安	15.5	2024/4/29	郭强	sold
苏州_20240831_C1245	C1245	苏州	宝马	82.1	2024/8/31	王娜	pending
北京_20240823_C1246	C1246	北京	五菱	9.6	2024/8/23	孙军	sold
广州_20241216_C1247	C1247	广州	奥迪	59.8	2024/12/16	林涛	sold
昆明_20240802_C1248	C1248	昆明	小鹏	33.8	2024/8/2	郑杰	pending
武汉_20241126_C1249	C1249	武汉	奔驰	56.6	2024/11/26	林洋	pending
长沙_20241002_C1250	C1250	长沙	特斯拉	43.2	2024/10/2	张超	sold
深圳_20240122_C1251	C1251	深圳	理想	52.6	2024/1/22	郑超	pending
苏州_20240101_C1252	C1252	苏州	奥迪	68.3	2024/1/1	唐洋	sold
重庆_20240418_C1253	C1253	重庆	宝马	93.4	2024/4/18	刘丽	pending
北京_20240114_C1254	C1254	北京	奔驰	65.1	2024/1/14	李颖	sold
郑州_20240123_C1255	C1255	郑州	五菱	5	2024/1/23	周敏	pending
天津_20240210_C1256	C1256	天津	长城	19.1	2024/2/10	陈娜	sold
天津_20240901_C1257	C1257	天津	宝马	57.1	2024/9/1	赵颖	pending
昆明_20240907_C1258	C1258	昆明	理想	36.3	2024/9/7	陈洋	sold
上海_20240612_C1259	C1259	上海	特斯拉	39.8	2024/6/12	郭杰	sold
广州_20240513_C1260	C1260	广州	吉利	14	2024/5/13	沈宁	pending
北京_20241013_C1261	C1261	北京	宝马	55.8	2024/10/13	李超	pending
武汉_20240828_C1262	C1262	武汉	蔚来	39.2	2024/8/28	唐静	sold
广州_20241016_C1263	C1263	广州	蔚来	37	2024/10/16	刘杰	sold
武汉_20241222_C1264	C1264	武汉	奥迪	61.3	2024/12/22	王涛	sold
沈阳_20240725_C1265	C1265	沈阳	特斯拉	33.1	2024/7/25	孙丽	sold
郑州_20240330_C1266	C1266	郑州	小鹏	28	2024/3/30	唐伟	sold
郑州_20241001_C1267	C1267	郑州	大众	22.5	2024/10/1	孙军	sold
宁波_20240907_C1268	C1268	宁波	比亚迪	20.4	2024/9/7	王超	sold
宁波_20240925_C1269	C1269	宁波	宝马	35.4	2024/9/25	林敏	pending
昆明_20240716_C1270	C1270	昆明	奔驰	74.2	2024/7/16	陈涛	sold
宁波_20241024_C1271	C1271	宁波	五菱	10.8	2024/10/24	刘伟	sold
宁波_20241026_C1272	C1272	宁波	五菱	7.9	2024/10/26	沈颖	sold
深圳_20240722_C1273	C1273	深圳	丰田	34.5	2024/7/22	王洋	pending
北京_20241019_C1274	C1274	北京	丰田	32.9	2024/10/19	林军	sold
郑州_20240809_C1275	C1275	郑州	小鹏	37.2	2024/8/9	赵军	sold
天津_20240712_C1276	C1276	天津	蔚来	32.9	2024/7/12	王宁	sold
昆明_20240911_C1277	C1277	昆明	大众	26.3	2024/9/11	王颖	pending
武汉_20241221_C1278	C1278	武汉	蔚来	48.4	2024/12/21	沈超	sold
天津_20240922_C1279	C1279	天津	比亚迪	6.1	2024/9/22	周敏	pending
成都_20240808_C1280	C1280	成都	五菱	8.3	2024/8/8	唐洋	sold
北京_20241130_C1281	C1281	北京	本田	13.1	2024/11/30	林宁	sold
广州_20241110_C1282	C1282	广州	奔驰	61.8	2024/11/10	赵颖	pending
宁波_20240920_C1283	C1283	宁波	奔驰	33.9	2024/9/20	郭涛	sold
苏州_20240503_C1284	C1284	苏州	比亚迪	17.2	2024/5/3	杨超	sold
上海_20240905_C1285	C1285	上海	理想	29.5	2024/9/5	林杰	sold
昆明_20240313_C1286	C1286	昆明	奔驰	73.4	2024/3/13	赵敏	sold
昆明_20241112_C1287	C1287	昆明	五菱	11.2	2024/11/12	郑伟	pending
郑州_20240421_C1288	C1288	郑州	奥迪	67.3	2024/4/21	刘军	sold
成都_20240712_C1289	C1289	成都	宝马	74.5	2024/7/12	郑娜	sold
天津_20241019_C1290	C1290	天津	宝马	76.3	2024/10/19	唐杰	pending
成都_20241215_C1291	C1291	成都	长安	7.2	2024/12/15	郭宁	sold
长沙_20240702_C1292	C1292	长沙	本田	19	2024/7/2	孙颖	sold
宁波_20240706_C1293	C1293	宁波	吉利	17	2024/7/6	张静	sold
南京_20240515_C1294	C1294	南京	宝马	33.8	2024/5/15	刘芳	sold
深圳_20241014_C1295	C1295	深圳	奔驰	92.6	2024/10/14	张宁	sold
杭州_20240413_C1296	C1296	杭州	奔驰	34.8	2024/4/13	周静	sold
昆明_20241027_C1297	C1297	昆明	长安	16.2	2024/10/27	王颖	sold
北京_20241220_C1298	C1298	北京	小鹏	30.6	2024/12/20	郑伟	sold
青岛_20240809_C1299	C1299	青岛	丰田	33.4	2024/8/9	郑洋	sold
北京_20241009_C1300	C1300	北京	特斯拉	44.5	2024/10/9	郑芳	pending
沈阳_20240710_C1301	C1301	沈阳	奥迪	67.2	2024/7/10	郭超	pending
青岛_20241016_C1302	C1302	青岛	长城	11.4	2024/10/16	赵伟	sold
南京_20240229_C1303	C1303	南京	本田	12.4	2024/2/29	周杰	sold
长沙_20241202_C1304	C1304	长沙	吉利	10.4	2024/12/2	周芳	sold
宁波_20240503_C1305	C1305	宁波	本田	15.2	2024/5/3	沈洋	sold
武汉_20241228_C1306	C1306	武汉	吉利	11.8	2024/12/28	赵鹏	sold
西安_20240918_C1307	C1307	西安	奥迪	30.2	2024/9/18	唐芳	sold
深圳_20240422_C1308	C1308	深圳	特斯拉	34.8	2024/4/22	杨军	pending
北京_20241216_C1309	C1309	北京	长安	17.1	2024/12/16	孙超	sold
苏州_20241215_C1310	C1310	苏州	大众	18.8	2024/12/15	沈强	sold
南京_20240920_C1311	C1311	南京	长安	8.9	2024/9/20	周娜	pending
昆明_20240818_C1312	C1312	昆明	吉利	10.6	2024/8/18	张鹏	sold
北京_20240914_C1313	C1313	北京	奔驰	88.2	2024/9/14	沈洋	pending
沈阳_20240416_C1314	C1314	沈阳	吉利	17.4	2024/4/16	刘娜	sold
杭州_20240209_C1315	C1315	杭州	宝马	38.3	2024/2/9	赵娜	sold
郑州_20241117_C1316	C1316	郑州	奔驰	84.1	2024/11/17	孙洋	sold
广州_20240405_C1317	C1317	广州	理想	33.6	2024/4/5	李宁	sold
武汉_20240831_C1318	C1318	武汉	本田	26.4	2024/8/31	陈杰	sold
苏州_20240717_C1319	C1319	苏州	奔驰	94	2024/7/17	杨颖	sold
杭州_20240116_C1320	C1320	杭州	本田	12.9	2024/1/16	林敏	sold
深圳_20241020_C1321	C1321	深圳	奥迪	36.7	2024/10/20	赵军	sold
成都_20241206_C1322	C1322	成都	丰田	19.1	2024/12/6	李洋	sold
昆明_20241212_C1323	C1323	昆明	长安	17.6	2024/12/12	吴宁	sold
杭州_20240903_C1324	C1324	杭州	丰田	24.6	2024/9/3	王敏	pending
杭州_20240816_C1325	C1325	杭州	五菱	6.9	2024/8/16	周涛	sold
重庆_20240504_C1326	C1326	重庆	长安	14.4	2024/5/4	杨杰	sold
苏州_20240727_C1327	C1327	苏州	奔驰	76.9	2024/7/27	王伟	pending
宁波_20241106_C1328	C1328	宁波	丰田	23	2024/11/6	张静	sold
长沙_20240112_C1329	C1329	长沙	丰田	15.6	2024/1/12	吴强	sold
重庆_20241027_C1330	C1330	重庆	长城	20.2	2024/10/27	陈洋	pending
杭州_20240715_C1331	C1331	杭州	本田	21.6	2024/7/15	刘宁	pending
沈阳_20240311_C1332	C1332	沈阳	五菱	11	2024/3/11	林杰	sold
长沙_20241004_C1333	C1333	长沙	大众	16	2024/10/4	杨伟	sold
郑州_20241202_C1334	C1334	郑州	理想	29.8	2024/12/2	张丽	sold
广州_20240616_C1335	C1335	广州	理想	34	2024/6/16	杨宁	sold
长沙_20240511_C1336	C1336	长沙	长城	11.4	2024/5/11	赵芳	sold
成都_20240202_C1337	C1337	成都	蔚来	32.4	2024/2/2	郭娜	sold
沈阳_20241213_C1338	C1338	沈阳	奥迪	39.7	2024/12/13	唐强	sold
苏州_20240421_C1339	C1339	苏州	大众	13.6	2024/4/21	唐宁	sold
苏州_20240423_C1340	C1340	苏州	丰田	28.7	2024/4/23	陈洋	sold
成都_20240711_C1341	C1341	成都	本田	18.2	2024/7/11	李静	sold
北京_20240618_C1342	C1342	北京	长城	24.3	2024/6/18	沈静	sold
青岛_20240417_C1343	C1343	青岛	大众	18.5	2024/4/17	周鹏	pending
昆明_20240414_C1344	C1344	昆明	宝马	71	2024/4/14	郑颖	sold
武汉_20240106_C1345	C1345	武汉	奔驰	44.5	2024/1/6	杨敏	sold
杭州_20240207_C1346	C1346	杭州	小鹏	27.5	2024/2/7	沈涛	pending
武汉_20241223_C1347	C1347	武汉	本田	13.4	2024/12/23	唐伟	pending
武汉_20241018_C1348	C1348	武汉	五菱	8.7	2024/10/18	沈超	pending
南京_20241129_C1349	C1349	南京	本田	10.6	2024/11/29	刘伟	sold
宁波_20241104_C1350	C1350	宁波	吉利	19.6	2024/11/4	陈强	sold
宁波_20240611_C1351	C1351	宁波	吉利	20.9	2024/6/11	李涛	pending
北京_20240714_C1352	C1352	北京	宝马	77.9	2024/7/14	杨涛	sold
杭州_20241029_C1353	C1353	杭州	本田	22.8	2024/10/29	林静	sold
天津_20241127_C1354	C1354	天津	大众	28.6	2024/11/27	周洋	sold
宁波_20241103_C1355	C1355	宁波	丰田	18.4	2024/11/3	王军	sold
昆明_20240516_C1356	C1356	昆明	小鹏	42.4	2024/5/16	陈杰	pending
北京_20241031_C1357	C1357	北京	理想	48.3	2024/10/31	周超	sold
郑州_20240309_C1358	C1358	郑州	大众	14.8	2024/3/9	孙杰	sold
天津_20240213_C1359	C1359	天津	本田	22.3	2024/2/13	张超	pending
青岛_20240818_C1360	C1360	青岛	丰田	33.4	2024/8/18	张娜	sold
西安_20240706_C1361	C1361	西安	长城	20.1	2024/7/6	陈敏	sold
杭州_20240811_C1362	C1362	杭州	长安	13.4	2024/8/11	郑敏	sold
南京_20240201_C1363	C1363	南京	丰田	16.7	2024/2/1	陈涛	pending
沈阳_20241118_C1364	C1364	沈阳	丰田	30.4	2024/11/18	陈敏	sold
杭州_20241228_C1365	C1365	杭州	特斯拉	42.7	2024/12/28	李芳	sold
长沙_20240719_C1366	C1366	长沙	特斯拉	44.5	2024/7/19	孙敏	pending
苏州_20241104_C1367	C1367	苏州	吉利	13.7	2024/11/4	李杰	sold
宁波_20241129_C1368	C1368	宁波	特斯拉	42.4	2024/11/29	郭鹏	pending
北京_20240826_C1369	C1369	北京	吉利	15.1	2024/8/26	张宁	sold
长沙_20240819_C1370	C1370	长沙	理想	35.5	2024/8/19	张鹏	pending
昆明_20240805_C1371	C1371	昆明	特斯拉	36.8	2024/8/5	郑杰	sold
深圳_20240722_C1372	C1372	深圳	蔚来	38.4	2024/7/22	吴洋	sold
深圳_20240209_C1373	C1373	深圳	奔驰	85.1	2024/2/9	沈强	sold
沈阳_20240722_C1374	C1374	沈阳	奔驰	91.7	2024/7/22	刘杰	pending
沈阳_20240127_C1375	C1375	沈阳	蔚来	64.5	2024/1/27	林鹏	pending
郑州_20240823_C1376	C1376	郑州	长城	19.9	2024/8/23	王洋	pending
郑州_20240228_C1377	C1377	郑州	宝马	30.8	2024/2/28	沈鹏	sold
成都_20240730_C1378	C1378	成都	特斯拉	36.6	2024/7/30	郑娜	sold
杭州_20240720_C1379	C1379	杭州	奔驰	107.6	2024/7/20	王丽	pending
昆明_20241031_C1380	C1380	昆明	理想	40.9	2024/10/31	周超	pending
广州_20240618_C1381	C1381	广州	宝马	43.1	2024/6/18	郑丽	sold
杭州_20240417_C1382	C1382	杭州	比亚迪	6.2	2024/4/17	王娜	pending
广州_20241209_C1383	C1383	广州	比亚迪	20.9	2024/12/9	李丽	sold
苏州_20241212_C1384	C1384	苏州	丰田	34.2	2024/12/12	杨鹏	sold
青岛_20241102_C1385	C1385	青岛	丰田	18.5	2024/11/2	陈超	pending
南京_20240808_C1386	C1386	南京	理想	38.8	2024/8/8	周涛	sold
深圳_20240322_C1387	C1387	深圳	小鹏	34.1	2024/3/22	王芳	sold
青岛_20241114_C1388	C1388	青岛	吉利	16.5	2024/11/14	林敏	pending
苏州_20241130_C1389	C1389	苏州	奥迪	34.4	2024/11/30	吴杰	pending
青岛_20240826_C1390	C1390	青岛	丰田	23.9	2024/8/26	杨伟	pending
上海_20240529_C1391	C1391	上海	长安	11.7	2024/5/29	李超	sold
成都_20240113_C1392	C1392	成都	长安	10.6	2024/1/13	郑敏	sold
南京_20240411_C1393	C1393	南京	宝马	53.8	2024/4/11	林军	sold
西安_20240414_C1394	C1394	西安	宝马	83.2	2024/4/14	陈军	pending
西安_20240411_C1395	C1395	西安	小鹏	32.7	2024/4/11	陈静	sold
苏州_20240219_C1396	C1396	苏州	长安	15.1	2024/2/19	林颖	pending
杭州_20240317_C1397	C1397	杭州	本田	14.2	2024/3/17	吴静	sold
昆明_20241230_C1398	C1398	昆明	本田	19	2024/12/30	李军	pending
沈阳_20240912_C1399	C1399	沈阳	奔驰	72.2	2024/9/12	张敏	sold
昆明_20241011_C1400	C1400	昆明	特斯拉	40	2024/10/11	吴敏	sold
长沙_20240704_C1401	C1401	长沙	大众	25.5	2024/7/4	张超	pending
长沙_20240918_C1402	C1402	长沙	丰田	18.6	2024/9/18	王军	sold
上海_20240326_C1403	C1403	上海	长城	20.4	2024/3/26	李颖	sold
天津_20240715_C1404	C1404	天津	长城	16.8	2024/7/15	沈伟	sold
昆明_20240809_C1405	C1405	昆明	大众	25.8	2024/8/9	刘丽	sold
广州_20240730_C1406	C1406	广州	比亚迪	12.6	2024/7/30	郭强	sold
郑州_20240210_C1407	C1407	郑州	奥迪	62.3	2024/2/10	赵超	sold
宁波_20241023_C1408	C1408	宁波	奔驰	49.4	2024/10/23	孙鹏	pending
武汉_20240513_C1409	C1409	武汉	特斯拉	33.2	2024/5/13	刘敏	sold
杭州_20240425_C1410	C1410	杭州	长安	7.7	2024/4/25	陈芳	sold
重庆_20241107_C1411	C1411	重庆	吉利	13	2024/11/7	赵静	sold
北京_20240701_C1412	C1412	北京	大众	17.5	2024/7/1	周宁	sold
深圳_20241115_C1413	C1413	深圳	蔚来	41.4	2024/11/15	周涛	pending
北京_20241128_C1414	C1414	北京	吉利	16.8	2024/11/28	沈丽	sold
杭州_20240112_C1415	C1415	杭州	丰田	35.9	2024/1/12	刘宁	pending
重庆_20240529_C1416	C1416	重庆	宝马	28.5	2024/5/29	孙涛	sold
郑州_20241020_C1417	C1417	郑州	理想	36	2024/10/20	杨芳	sold
重庆_20240821_C1418	C1418	重庆	五菱	7.7	2024/8/21	刘丽	sold
重庆_20241020_C1419	C1419	重庆	理想	29.2	2024/10/20	唐宁	sold
宁波_20240913_C1420	C1420	宁波	吉利	10.3	2024/9/13	杨颖	sold
广州_20240125_C1421	C1421	广州	长安	15.9	2024/1/25	杨强	sold
南京_20241112_C1422	C1422	南京	吉利	13.5	2024/11/12	赵超	sold
北京_20240525_C1423	C1423	北京	丰田	12.3	2024/5/25	杨娜	sold
天津_20241022_C1424	C1424	天津	长城	13	2024/10/22	陈敏	pending
青岛_20240412_C1425	C1425	青岛	丰田	32.7	2024/4/12	周强	sold
郑州_20240202_C1426	C1426	郑州	奔驰	58.5	2024/2/2	杨强	sold
郑州_20240628_C1427	C1427	郑州	理想	29	2024/6/28	郭芳	sold
重庆_20241212_C1428	C1428	重庆	本田	26.6	2024/12/12	林鹏	sold
成都_20241205_C1429	C1429	成都	小鹏	30.3	2024/12/5	郑娜	pending
成都_20240829_C1430	C1430	成都	吉利	19.1	2024/8/29	郭洋	pending
武汉_20241116_C1431	C1431	武汉	长城	11.5	2024/11/16	郭伟	sold
上海_20240310_C1432	C1432	上海	特斯拉	37.6	2024/3/10	张涛	sold
北京_20241119_C1433	C1433	北京	蔚来	51	2024/11/19	林超	sold
郑州_20240217_C1434	C1434	郑州	五菱	11.5	2024/2/17	陈鹏	sold
苏州_20240324_C1435	C1435	苏州	大众	16.1	2024/3/24	刘涛	sold
深圳_20240628_C1436	C1436	深圳	宝马	49.1	2024/6/28	李敏	sold
杭州_20240920_C1437	C1437	杭州	比亚迪	17.2	2024/9/20	唐静	sold
重庆_20240707_C1438	C1438	重庆	本田	13.9	2024/7/7	孙鹏	sold
宁波_20241109_C1439	C1439	宁波	吉利	12.6	2024/11/9	赵杰	sold
杭州_20241218_C1440	C1440	杭州	小鹏	19.1	2024/12/18	唐娜	sold
沈阳_20240930_C1441	C1441	沈阳	理想	41	2024/9/30	林芳	pending
深圳_20241006_C1442	C1442	深圳	五菱	4.2	2024/10/6	吴超	pending
武汉_20240415_C1443	C1443	武汉	蔚来	39.9	2024/4/15	张洋	pending
西安_20240313_C1444	C1444	西安	长城	25	2024/3/13	唐静	sold
广州_20240225_C1445	C1445	广州	比亚迪	25.2	2024/2/25	王敏	pending
宁波_20240502_C1446	C1446	宁波	长安	11.7	2024/5/2	周洋	pending
南京_20240401_C1447	C1447	南京	长城	22.8	2024/4/1	沈涛	sold
郑州_20240716_C1448	C1448	郑州	长安	13	2024/7/16	郭超	pending
成都_20241221_C1449	C1449	成都	宝马	28	2024/12/21	赵静	sold
宁波_20240313_C1450	C1450	宁波	长安	14.9	2024/3/13	吴涛	sold
杭州_20240428_C1451	C1451	杭州	宝马	72.8	2024/4/28	郭洋	sold
西安_20240315_C1452	C1452	西安	长城	23	2024/3/15	吴涛	sold
成都_20240705_C1453	C1453	成都	比亚迪	6.4	2024/7/5	唐静	pending
宁波_20240915_C1454	C1454	宁波	奥迪	66.8	2024/9/15	沈静	pending
沈阳_20241202_C1455	C1455	沈阳	吉利	10.2	2024/12/2	赵超	sold
成都_20241210_C1456	C1456	成都	吉利	10.6	2024/12/10	林芳	sold
天津_20240913_C1457	C1457	天津	理想	40.4	2024/9/13	王娜	pending
宁波_20240829_C1458	C1458	宁波	小鹏	22.7	2024/8/29	孙伟	sold
青岛_20240420_C1459	C1459	青岛	奔驰	58	2024/4/20	唐丽	sold
重庆_20240728_C1460	C1460	重庆	本田	16.6	2024/7/28	吴颖	sold
杭州_20240417_C1461	C1461	杭州	特斯拉	39.5	2024/4/17	杨涛	sold
西安_20240930_C1462	C1462	西安	吉利	14.6	2024/9/30	王芳	sold
沈阳_20240915_C1463	C1463	沈阳	小鹏	24.8	2024/9/15	张敏	sold
天津_20240122_C1464	C1464	天津	奥迪	43.9	2024/1/22	陈敏	pending
青岛_20240929_C1465	C1465	青岛	蔚来	46.8	2024/9/29	孙涛	sold
苏州_20241014_C1466	C1466	苏州	大众	20.3	2024/10/14	杨娜	sold
天津_20241104_C1467	C1467	天津	丰田	41.1	2024/11/4	杨鹏	pending
北京_20240427_C1468	C1468	北京	本田	15	2024/4/27	孙杰	sold
西安_20240225_C1469	C1469	西安	蔚来	43.8	2024/2/25	周涛	sold
青岛_20241114_C1470	C1470	青岛	理想	38.4	2024/11/14	林敏	sold
上海_20240513_C1471	C1471	上海	特斯拉	27.3	2024/5/13	郭鹏	sold
武汉_20240512_C1472	C1472	武汉	五菱	10.7	2024/5/12	刘丽	sold
重庆_20240520_C1473	C1473	重庆	小鹏	22.3	2024/5/20	郑颖	sold
青岛_20241230_C1474	C1474	青岛	理想	34.6	2024/12/30	陈宁	sold
重庆_20240801_C1475	C1475	重庆	蔚来	46.4	2024/8/1	杨鹏	sold
长沙_20241212_C1476	C1476	长沙	大众	15.6	2024/12/12	杨宁	sold
宁波_20240626_C1477	C1477	宁波	大众	15.3	2024/6/26	郑军	pending
深圳_20240909_C1478	C1478	深圳	理想	33.8	2024/9/9	孙涛	sold
长沙_20240210_C1479	C1479	长沙	五菱	5	2024/2/10	郑伟	sold
南京_20241112_C1480	C1480	南京	特斯拉	35.4	2024/11/12	孙杰	sold
北京_20240112_C1481	C1481	北京	宝马	68.8	2024/1/12	李军	pending
重庆_20240826_C1482	C1482	重庆	小鹏	32.8	2024/8/26	唐芳	sold
青岛_20241125_C1483	C1483	青岛	理想	34.8	2024/11/25	吴娜	pending
天津_20240830_C1484	C1484	天津	五菱	9.4	2024/8/30	张杰	sold
天津_20240602_C1485	C1485	天津	长安	12.5	2024/6/2	郭伟	sold
南京_20240818_C1486	C1486	南京	比亚迪	11.9	2024/8/18	张洋	pending
长沙_20240421_C1487	C1487	长沙	本田	16.3	2024/4/21	沈颖	sold
昆明_20240917_C1488	C1488	昆明	丰田	14.7	2024/9/17	李杰	pending
武汉_20240728_C1489	C1489	武汉	奥迪	47.6	2024/7/28	郑芳	sold
武汉_20240305_C1490	C1490	武汉	大众	32.7	2024/3/5	刘丽	pending
昆明_20240105_C1491	C1491	昆明	小鹏	31.5	2024/1/5	郭芳	sold
广州_20240326_C1492	C1492	广州	丰田	13.7	2024/3/26	王丽	sold
郑州_20240915_C1493	C1493	郑州	本田	24.6	2024/9/15	郑强	sold
北京_20240712_C1494	C1494	北京	吉利	9.8	2024/7/12	孙芳	sold
西安_20241128_C1495	C1495	西安	长城	23.8	2024/11/28	陈鹏	sold
天津_20240525_C1496	C1496	天津	大众	18.1	2024/5/25	张宁	pending
广州_20241001_C1497	C1497	广州	长城	16.2	2024/10/1	郑静	sold
昆明_20240828_C1498	C1498	昆明	五菱	11.8	2024/8/28	李敏	pending
重庆_20241229_C1499	C1499	重庆	长城	12	2024/12/29	陈敏	sold
天津_20241206_C1500	C1500	天津	本田	25.3	2024/12/6	林芳	pending
西安_20241220_C1501	C1501	西安	本田	16.6	2024/12/20	陈强	sold
杭州_20240311_C1502	C1502	杭州	比亚迪	28.7	2024/3/11	李娜	sold
杭州_20240317_C1503	C1503	杭州	奥迪	30.4	2024/3/17	王娜	sold
重庆_20240413_C1504	C1504	重庆	五菱	8.3	2024/4/13	杨芳	sold
长沙_20241214_C1505	C1505	长沙	本田	18.1	2024/12/14	陈鹏	sold
昆明_20240629_C1506	C1506	昆明	特斯拉	38.1	2024/6/29	王颖	pending
天津_20240719_C1507	C1507	天津	大众	16.6	2024/7/19	沈颖	sold
郑州_20240811_C1508	C1508	郑州	长安	9.2	2024/8/11	王丽	sold
杭州_20241212_C1509	C1509	杭州	特斯拉	49.7	2024/12/12	林静	pending
郑州_20240802_C1510	C1510	郑州	本田	29.9	2024/8/2	郑超	pending
杭州_20241213_C1511	C1511	杭州	特斯拉	44.3	2024/12/13	赵杰	sold
长沙_20241020_C1512	C1512	长沙	奔驰	78.7	2024/10/20	陈军	sold
深圳_20241229_C1513	C1513	深圳	长城	15	2024/12/29	周芳	pending
沈阳_20240615_C1514	C1514	沈阳	长城	23.7	2024/6/15	陈鹏	pending
成都_20241029_C1515	C1515	成都	大众	16.3	2024/10/29	刘宁	sold
沈阳_20241125_C1516	C1516	沈阳	奔驰	65.1	2024/11/25	陈涛	sold
郑州_20241110_C1517	C1517	郑州	奔驰	99.4	2024/11/10	孙娜	pending
苏州_20240904_C1518	C1518	苏州	大众	22	2024/9/4	沈鹏	pending
北京_20241213_C1519	C1519	北京	奥迪	58.4	2024/12/13	张鹏	sold
北京_20240727_C1520	C1520	北京	奥迪	73.6	2024/7/27	李军	pending
成都_20240807_C1521	C1521	成都	小鹏	21.7	2024/8/7	李军	sold
沈阳_20241105_C1522	C1522	沈阳	长城	18	2024/11/5	郭杰	pending
重庆_20240224_C1523	C1523	重庆	丰田	21.1	2024/2/24	陈强	sold
长沙_20240504_C1524	C1524	长沙	长城	15	2024/5/4	刘杰	sold
郑州_20240226_C1525	C1525	郑州	奔驰	59.4	2024/2/26	赵军	pending
沈阳_20240913_C1526	C1526	沈阳	长安	12.9	2024/9/13	杨静	sold
武汉_20240715_C1527	C1527	武汉	蔚来	43.6	2024/7/15	郭涛	pending
成都_20240515_C1528	C1528	成都	奔驰	78.2	2024/5/15	杨芳	pending
青岛_20240804_C1529	C1529	青岛	大众	28.1	2024/8/4	吴伟	sold
南京_20240210_C1530	C1530	南京	丰田	26.9	2024/2/10	孙涛	sold
宁波_20240131_C1531	C1531	宁波	长安	17.1	2024/1/31	唐鹏	pending
深圳_20240628_C1532	C1532	深圳	比亚迪	7.2	2024/6/28	周丽	pending
宁波_20240718_C1533	C1533	宁波	长安	19.3	2024/7/18	郭娜	pending
青岛_20241120_C1534	C1534	青岛	理想	46.4	2024/11/20	孙鹏	sold
北京_20241111_C1535	C1535	北京	奔驰	98.1	2024/11/11	陈伟	sold
成都_20240613_C1536	C1536	成都	奥迪	44.4	2024/6/13	孙涛	sold
成都_20240209_C1537	C1537	成都	比亚迪	24.9	2024/2/9	杨鹏	sold
深圳_20241023_C1538	C1538	深圳	蔚来	54.6	2024/10/23	郭伟	pending
青岛_20240906_C1539	C1539	青岛	本田	23	2024/9/6	陈娜	sold
宁波_20241127_C1540	C1540	宁波	小鹏	39.3	2024/11/27	赵涛	sold
长沙_20241019_C1541	C1541	长沙	吉利	15.7	2024/10/19	林鹏	sold
青岛_20240823_C1542	C1542	青岛	蔚来	33.3	2024/8/23	郑丽	sold
南京_20240120_C1543	C1543	南京	蔚来	49.8	2024/1/20	唐涛	sold
武汉_20240831_C1544	C1544	武汉	本田	21.7	2024/8/31	周强	sold
天津_20241222_C1545	C1545	天津	奔驰	98.4	2024/12/22	林涛	sold
青岛_20241028_C1546	C1546	青岛	长安	17.7	2024/10/28	张伟	sold
郑州_20241006_C1547	C1547	郑州	小鹏	23.5	2024/10/6	林颖	sold
长沙_20240212_C1548	C1548	长沙	五菱	6.4	2024/2/12	王娜	sold
深圳_20240122_C1549	C1549	深圳	特斯拉	35.9	2024/1/22	张丽	sold
上海_20240612_C1550	C1550	上海	长安	17.5	2024/6/12	郑鹏	sold
上海_20240701_C1551	C1551	上海	小鹏	26.4	2024/7/1	周芳	pending
苏州_20240517_C1552	C1552	苏州	长城	13.1	2024/5/17	李杰	sold
宁波_20241214_C1553	C1553	宁波	比亚迪	17.6	2024/12/14	吴娜	sold
天津_20240803_C1554	C1554	天津	比亚迪	9.3	2024/8/3	赵强	sold
天津_20240516_C1555	C1555	天津	理想	47.6	2024/5/16	林芳	sold
深圳_20240630_C1556	C1556	深圳	大众	12.9	2024/6/30	孙涛	pending
青岛_20241125_C1557	C1557	青岛	吉利	11.6	2024/11/25	李敏	sold
深圳_20241226_C1558	C1558	深圳	比亚迪	7.8	2024/12/26	杨敏	sold
成都_20241214_C1559	C1559	成都	奔驰	30.8	2024/12/14	吴强	sold
长沙_20240915_C1560	C1560	长沙	小鹏	33.6	2024/9/15	周敏	sold
宁波_20240224_C1561	C1561	宁波	丰田	30.5	2024/2/24	张洋	sold
重庆_20241214_C1562	C1562	重庆	宝马	84.5	2024/12/14	刘杰	pending
宁波_20240320_C1563	C1563	宁波	特斯拉	25.4	2024/3/20	周鹏	sold
上海_20240512_C1564	C1564	上海	长安	13.2	2024/5/12	沈军	pending
沈阳_20241115_C1565	C1565	沈阳	长安	12	2024/11/15	郑涛	pending
西安_20240711_C1566	C1566	西安	吉利	11	2024/7/11	刘强	sold
沈阳_20241026_C1567	C1567	沈阳	小鹏	21.7	2024/10/26	孙伟	sold
成都_20241228_C1568	C1568	成都	长安	14.2	2024/12/28	唐芳	sold
深圳_20240505_C1569	C1569	深圳	蔚来	35.2	2024/5/5	郭军	sold
杭州_20240709_C1570	C1570	杭州	本田	20.1	2024/7/9	赵军	sold
长沙_20240615_C1571	C1571	长沙	本田	12.7	2024/6/15	孙娜	sold
深圳_20240401_C1572	C1572	深圳	丰田	26.9	2024/4/1	林伟	sold
杭州_20240124_C1573	C1573	杭州	大众	24.4	2024/1/24	沈鹏	pending
苏州_20241027_C1574	C1574	苏州	五菱	3.4	2024/10/27	郑宁	sold
昆明_20240728_C1575	C1575	昆明	小鹏	27.6	2024/7/28	李杰	pending
深圳_20240829_C1576	C1576	深圳	五菱	7.8	2024/8/29	林军	sold
青岛_20240802_C1577	C1577	青岛	大众	14.4	2024/8/2	杨杰	pending
郑州_20241027_C1578	C1578	郑州	五菱	8.6	2024/10/27	刘敏	sold
武汉_20241225_C1579	C1579	武汉	小鹏	21	2024/12/25	林军	sold
南京_20241103_C1580	C1580	南京	五菱	7.2	2024/11/3	唐丽	sold
长沙_20240112_C1581	C1581	长沙	宝马	83.6	2024/1/12	周颖	pending
上海_20240712_C1582	C1582	上海	长安	13.5	2024/7/12	王静	pending
青岛_20240824_C1583	C1583	青岛	长城	14.2	2024/8/24	孙涛	sold
郑州_20241214_C1584	C1584	郑州	奥迪	60.6	2024/12/14	孙军	sold
长沙_20240727_C1585	C1585	长沙	本田	19.5	2024/7/27	张军	sold
南京_20240809_C1586	C1586	南京	理想	30	2024/8/9	唐静	sold
杭州_20241215_C1587	C1587	杭州	小鹏	34.2	2024/12/15	沈伟	sold
西安_20241024_C1588	C1588	西安	本田	20.9	2024/10/24	孙敏	sold
昆明_20241122_C1589	C1589	昆明	丰田	34.1	2024/11/22	杨洋	sold
天津_20240122_C1590	C1590	天津	长安	11.5	2024/1/22	王娜	pending
广州_20240711_C1591	C1591	广州	五菱	12	2024/7/11	陈静	sold
苏州_20240702_C1592	C1592	苏州	特斯拉	37.7	2024/7/2	陈敏	sold
青岛_20240921_C1593	C1593	青岛	五菱	3.5	2024/9/21	陈宁	sold
青岛_20241009_C1594	C1594	青岛	小鹏	22.9	2024/10/9	林宁	pending
昆明_20240303_C1595	C1595	昆明	长城	12	2024/3/3	吴静	sold
青岛_20240413_C1596	C1596	青岛	奥迪	75.6	2024/4/13	郑鹏	pending
长沙_20240701_C1597	C1597	长沙	奔驰	74.9	2024/7/1	杨超	pending
重庆_20241028_C1598	C1598	重庆	奔驰	45	2024/10/28	李芳	sold
郑州_20241031_C1599	C1599	郑州	长安	18.5	2024/10/31	周超	pending
成都_20240104_C1600	C1600	成都	奥迪	42	2024/1/4	陈丽	pending
上海_20241111_C1601	C1601	上海	比亚迪	13.5	2024/11/11	吴鹏	pending
长沙_20240629_C1602	C1602	长沙	吉利	10.4	2024/6/29	郭静	pending
武汉_20240415_C1603	C1603	武汉	长安	19.2	2024/4/15	周丽	pending
昆明_20240626_C1604	C1604	昆明	长城	15.4	2024/6/26	陈洋	pending
宁波_20241222_C1605	C1605	宁波	宝马	68.7	2024/12/22	李宁	sold
天津_20240816_C1606	C1606	天津	五菱	4.7	2024/8/16	刘涛	sold
上海_20240328_C1607	C1607	上海	蔚来	49.1	2024/3/28	吴敏	sold
昆明_20241120_C1608	C1608	昆明	大众	28.4	2024/11/20	陈静	sold
重庆_20241103_C1609	C1609	重庆	奔驰	40.3	2024/11/3	唐敏	sold
青岛_20241118_C1610	C1610	青岛	本田	30.6	2024/11/18	王宁	pending
武汉_20240315_C1611	C1611	武汉	理想	41.2	2024/3/15	张静	sold
北京_20240922_C1612	C1612	北京	小鹏	16.8	2024/9/22	吴丽	sold
深圳_20240920_C1613	C1613	深圳	奔驰	78.6	2024/9/20	唐伟	sold
武汉_20241218_C1614	C1614	武汉	宝马	67.8	2024/12/18	沈伟	sold
成都_20240719_C1615	C1615	成都	比亚迪	15.8	2024/7/19	吴颖	sold
杭州_20241207_C1616	C1616	杭州	小鹏	33.7	2024/12/7	孙涛	sold
武汉_20241004_C1617	C1617	武汉	宝马	29	2024/10/4	张宁	pending
深圳_20240606_C1618	C1618	深圳	比亚迪	21.1	2024/6/6	郭敏	sold
昆明_20240519_C1619	C1619	昆明	吉利	16.2	2024/5/19	林涛	sold
长沙_20241111_C1620	C1620	长沙	吉利	10.1	2024/11/11	李芳	pending
天津_20241016_C1621	C1621	天津	宝马	67.9	2024/10/16	孙伟	sold
武汉_20240510_C1622	C1622	武汉	丰田	34.2	2024/5/10	唐鹏	sold
宁波_20240926_C1623	C1623	宁波	奔驰	48.1	2024/9/26	唐颖	sold
广州_20240207_C1624	C1624	广州	理想	40.3	2024/2/7	周涛	sold
西安_20241019_C1625	C1625	西安	比亚迪	18.5	2024/10/19	周伟	sold
上海_20240222_C1626	C1626	上海	特斯拉	37.6	2024/2/22	吴颖	pending
深圳_20240514_C1627	C1627	深圳	奔驰	41.6	2024/5/14	李静	sold
沈阳_20240829_C1628	C1628	沈阳	奥迪	67.9	2024/8/29	郭敏	sold
南京_20241128_C1629	C1629	南京	奥迪	31.3	2024/11/28	赵伟	sold
郑州_20240712_C1630	C1630	郑州	吉利	18.6	2024/7/12	周鹏	sold
天津_20240311_C1631	C1631	天津	长城	21.8	2024/3/11	赵丽	sold
成都_20240704_C1632	C1632	成都	丰田	13	2024/7/4	郑涛	sold
杭州_20241004_C1633	C1633	杭州	大众	14.1	2024/10/4	刘宁	sold
天津_20240308_C1634	C1634	天津	特斯拉	39	2024/3/8	周敏	sold
深圳_20240701_C1635	C1635	深圳	理想	41.4	2024/7/1	王超	pending
宁波_20241129_C1636	C1636	宁波	宝马	41.3	2024/11/29	孙敏	sold
北京_20240828_C1637	C1637	北京	五菱	10.2	2024/8/28	杨静	sold
郑州_20241009_C1638	C1638	郑州	奥迪	68.2	2024/10/9	唐敏	sold
武汉_20240914_C1639	C1639	武汉	比亚迪	6.8	2024/9/14	刘伟	pending
天津_20241028_C1640	C1640	天津	丰田	25.2	2024/10/28	孙娜	pending
杭州_20240713_C1641	C1641	杭州	奔驰	40.2	2024/7/13	刘丽	sold
西安_20241216_C1642	C1642	西安	蔚来	40.1	2024/12/16	郭鹏	sold
广州_20240105_C1643	C1643	广州	宝马	39.6	2024/1/5	陈颖	sold
北京_20241119_C1644	C1644	北京	大众	23.8	2024/11/19	王丽	sold
成都_20241020_C1645	C1645	成都	宝马	82.6	2024/10/20	杨宁	pending
南京_20241214_C1646	C1646	南京	小鹏	24	2024/12/14	林洋	sold
长沙_20240519_C1647	C1647	长沙	奥迪	34	2024/5/19	赵洋	sold
沈阳_20240209_C1648	C1648	沈阳	长安	19.9	2024/2/9	孙颖	pending
武汉_20240721_C1649	C1649	武汉	奥迪	50.6	2024/7/21	郑军	pending
上海_20240303_C1650	C1650	上海	蔚来	44.9	2024/3/3	郭敏	pending
北京_20240215_C1651	C1651	北京	丰田	34.2	2024/2/15	唐芳	sold
南京_20240227_C1652	C1652	南京	奔驰	37.1	2024/2/27	孙颖	sold
长沙_20240217_C1653	C1653	长沙	比亚迪	21.6	2024/2/17	张敏	sold
青岛_20241016_C1654	C1654	青岛	蔚来	48.6	2024/10/16	唐强	sold
天津_20240726_C1655	C1655	天津	丰田	23.4	2024/7/26	刘鹏	sold
深圳_20240813_C1656	C1656	深圳	蔚来	35.2	2024/8/13	赵军	pending
郑州_20240416_C1657	C1657	郑州	五菱	7.8	2024/4/16	孙静	pending
杭州_20241204_C1658	C1658	杭州	大众	23.8	2024/12/4	陈洋	sold
沈阳_20240502_C1659	C1659	沈阳	吉利	12.4	2024/5/2	李杰	sold
成都_20241007_C1660	C1660	成都	比亚迪	9.7	2024/10/7	李洋	sold
长沙_20241116_C1661	C1661	长沙	小鹏	27.5	2024/11/16	刘颖	sold
杭州_20240407_C1662	C1662	杭州	长安	15.7	2024/4/7	王宁	sold
苏州_20240121_C1663	C1663	苏州	大众	23	2024/1/21	郭洋	sold
苏州_20240810_C1664	C1664	苏州	小鹏	26.5	2024/8/10	陈超	sold
南京_20240930_C1665	C1665	南京	理想	38.5	2024/9/30	刘杰	sold
上海_20240219_C1666	C1666	上海	大众	21.9	2024/2/19	林洋	sold
昆明_20241003_C1667	C1667	昆明	本田	25.3	2024/10/3	陈涛	sold
杭州_20240730_C1668	C1668	杭州	大众	12.8	2024/7/30	陈超	sold
青岛_20240225_C1669	C1669	青岛	长安	20.2	2024/2/25	陈静	pending
苏州_20240415_C1670	C1670	苏州	长城	10.8	2024/4/15	郑静	pending
成都_20241003_C1671	C1671	成都	五菱	6.4	2024/10/3	林宁	sold
长沙_20240916_C1672	C1672	长沙	五菱	11.3	2024/9/16	张涛	sold
广州_20240127_C1673	C1673	广州	比亚迪	31.4	2024/1/27	吴颖	pending
天津_20240704_C1674	C1674	天津	比亚迪	29.6	2024/7/4	吴杰	sold
天津_20240114_C1675	C1675	天津	理想	45.2	2024/1/14	唐涛	sold
深圳_20240713_C1676	C1676	深圳	本田	14	2024/7/13	周静	pending
上海_20240727_C1677	C1677	上海	大众	17.4	2024/7/27	杨宁	pending
昆明_20240727_C1678	C1678	昆明	本田	23.7	2024/7/27	孙颖	sold
苏州_20240808_C1679	C1679	苏州	比亚迪	25.3	2024/8/8	陈敏	sold
沈阳_20240326_C1680	C1680	沈阳	大众	13.8	2024/3/26	刘鹏	sold
成都_20240203_C1681	C1681	成都	蔚来	48.4	2024/2/3	沈敏	sold
长沙_20240723_C1682	C1682	长沙	长城	18.9	2024/7/23	周军	sold
西安_20241028_C1683	C1683	西安	吉利	19.3	2024/10/28	刘宁	sold
重庆_20240612_C1684	C1684	重庆	奥迪	54	2024/6/12	林芳	sold
杭州_20240728_C1685	C1685	杭州	蔚来	37.9	2024/7/28	李杰	pending
南京_20240131_C1686	C1686	南京	五菱	11.9	2024/1/31	王杰	sold
南京_20240730_C1687	C1687	南京	大众	29.4	2024/7/30	孙丽	sold
青岛_20240227_C1688	C1688	青岛	大众	27.3	2024/2/27	李伟	pending
重庆_20240129_C1689	C1689	重庆	大众	10.9	2024/1/29	李娜	pending
深圳_20240124_C1690	C1690	深圳	宝马	36.5	2024/1/24	吴洋	pending
沈阳_20240309_C1691	C1691	沈阳	特斯拉	34.9	2024/3/9	吴强	sold
杭州_20241214_C1692	C1692	杭州	长城	13.9	2024/12/14	李伟	sold
苏州_20240818_C1693	C1693	苏州	长安	9.3	2024/8/18	刘鹏	pending
北京_20241129_C1694	C1694	北京	特斯拉	37.8	2024/11/29	郭杰	sold
武汉_20240215_C1695	C1695	武汉	大众	24.3	2024/2/15	杨强	pending
重庆_20241118_C1696	C1696	重庆	长城	18.6	2024/11/18	吴涛	sold
青岛_20240912_C1697	C1697	青岛	奔驰	65	2024/9/12	王涛	sold
杭州_20240806_C1698	C1698	杭州	丰田	33.8	2024/8/6	孙超	sold
杭州_20241027_C1699	C1699	杭州	奥迪	36.1	2024/10/27	孙杰	sold
苏州_20240418_C1700	C1700	苏州	长城	22.9	2024/4/18	李娜	pending
成都_20241120_C1701	C1701	成都	比亚迪	28.6	2024/11/20	郭超	sold
重庆_20240525_C1702	C1702	重庆	小鹏	29.8	2024/5/25	吴娜	sold
深圳_20240316_C1703	C1703	深圳	比亚迪	25.5	2024/3/16	陈娜	pending
宁波_20240318_C1704	C1704	宁波	长安	17.1	2024/3/18	杨丽	sold
长沙_20240903_C1705	C1705	长沙	本田	25.7	2024/9/3	林丽	sold
重庆_20241123_C1706	C1706	重庆	宝马	53.4	2024/11/23	林洋	pending
长沙_20241029_C1707	C1707	长沙	奥迪	33	2024/10/29	吴敏	pending
北京_20241025_C1708	C1708	北京	本田	20.1	2024/10/25	吴洋	sold
沈阳_20241119_C1709	C1709	沈阳	奔驰	66.6	2024/11/19	吴芳	sold
天津_20240524_C1710	C1710	天津	本田	11.8	2024/5/24	李强	sold
长沙_20240902_C1711	C1711	长沙	吉利	8.4	2024/9/2	唐军	sold
重庆_20240930_C1712	C1712	重庆	大众	18.5	2024/9/30	郭军	pending
重庆_20240623_C1713	C1713	重庆	奔驰	88.6	2024/6/23	杨超	sold
武汉_20240915_C1714	C1714	武汉	特斯拉	37.4	2024/9/15	陈强	sold
天津_20240818_C1715	C1715	天津	本田	27.9	2024/8/18	刘颖	sold
西安_20240212_C1716	C1716	西安	小鹏	32.8	2024/2/12	陈涛	sold
青岛_20241013_C1717	C1717	青岛	蔚来	37.3	2024/10/13	张丽	sold
杭州_20240105_C1718	C1718	杭州	理想	35.9	2024/1/5	郑宁	sold
广州_20240308_C1719	C1719	广州	比亚迪	19.5	2024/3/8	唐丽	sold
重庆_20240216_C1720	C1720	重庆	丰田	30.1	2024/2/16	杨杰	sold
长沙_20241006_C1721	C1721	长沙	长城	24	2024/10/6	杨娜	sold
郑州_20240407_C1722	C1722	郑州	长安	20.7	2024/4/7	周军	pending
昆明_20240217_C1723	C1723	昆明	奔驰	35.4	2024/2/17	张芳	sold
重庆_20240806_C1724	C1724	重庆	本田	12	2024/8/6	赵杰	sold
青岛_20240618_C1725	C1725	青岛	五菱	9.6	2024/6/18	林芳	sold
青岛_20241214_C1726	C1726	青岛	理想	46.8	2024/12/14	沈军	sold
北京_20240112_C1727	C1727	北京	奔驰	58.5	2024/1/12	唐颖	sold
昆明_20240421_C1728	C1728	昆明	五菱	11.2	2024/4/21	李洋	sold
昆明_20240612_C1729	C1729	昆明	理想	31.4	2024/6/12	孙超	sold
成都_20240529_C1730	C1730	成都	理想	48.8	2024/5/29	赵娜	pending
武汉_20240510_C1731	C1731	武汉	五菱	5.1	2024/5/10	孙鹏	sold
北京_20240802_C1732	C1732	北京	吉利	18.9	2024/8/2	吴洋	sold
苏州_20240527_C1733	C1733	苏州	理想	39.7	2024/5/27	郑敏	sold
杭州_20240914_C1734	C1734	杭州	长安	11.3	2024/9/14	周鹏	pending
深圳_20240222_C1735	C1735	深圳	宝马	74	2024/2/22	杨宁	sold
北京_20241218_C1736	C1736	北京	大众	25.3	2024/12/18	刘静	sold
宁波_20240507_C1737	C1737	宁波	蔚来	49.8	2024/5/7	周宁	sold
长沙_20240129_C1738	C1738	长沙	奔驰	76.8	2024/1/29	沈敏	pending
深圳_20240505_C1739	C1739	深圳	奔驰	67.4	2024/5/5	王杰	pending
北京_20241230_C1740	C1740	北京	吉利	20.7	2024/12/30	唐敏	pending
成都_20240704_C1741	C1741	成都	小鹏	19.7	2024/7/4	吴鹏	sold
武汉_20240913_C1742	C1742	武汉	宝马	88.4	2024/9/13	孙涛	pending
上海_20240320_C1743	C1743	上海	本田	17.4	2024/3/20	孙洋	pending
长沙_20240618_C1744	C1744	长沙	蔚来	44.7	2024/6/18	唐娜	pending
宁波_20240609_C1745	C1745	宁波	蔚来	30	2024/6/9	杨涛	sold
西安_20241215_C1746	C1746	西安	比亚迪	12.7	2024/12/15	林超	pending
深圳_20240629_C1747	C1747	深圳	宝马	49.8	2024/6/29	郑伟	sold
重庆_20240531_C1748	C1748	重庆	奔驰	44.2	2024/5/31	唐杰	sold
杭州_20241008_C1749	C1749	杭州	奔驰	101.7	2024/10/8	杨超	pending
苏州_20240614_C1750	C1750	苏州	奥迪	35.6	2024/6/14	陈宁	sold
苏州_20240503_C1751	C1751	苏州	理想	40	2024/5/3	陈强	sold
深圳_20240925_C1752	C1752	深圳	长城	15.9	2024/9/25	孙超	sold
苏州_20241126_C1753	C1753	苏州	丰田	29.4	2024/11/26	陈敏	sold
广州_20241016_C1754	C1754	广州	宝马	50.2	2024/10/16	吴宁	sold
青岛_20240701_C1755	C1755	青岛	特斯拉	50.4	2024/7/1	陈涛	pending
深圳_20241101_C1756	C1756	深圳	特斯拉	40.6	2024/11/1	郑宁	pending
上海_20240703_C1757	C1757	上海	宝马	54.8	2024/7/3	李颖	sold
郑州_20240810_C1758	C1758	郑州	吉利	20.4	2024/8/10	郑鹏	pending
广州_20240919_C1759	C1759	广州	比亚迪	25.8	2024/9/19	刘杰	sold
广州_20240824_C1760	C1760	广州	蔚来	51.3	2024/8/24	杨敏	pending
宁波_20240304_C1761	C1761	宁波	本田	15.2	2024/3/4	赵杰	pending
深圳_20240816_C1762	C1762	深圳	奥迪	31.8	2024/8/16	刘强	pending
长沙_20241101_C1763	C1763	长沙	宝马	38.6	2024/11/1	陈洋	pending
郑州_20240616_C1764	C1764	郑州	本田	29.5	2024/6/16	刘芳	pending
北京_20240818_C1765	C1765	北京	长城	10.5	2024/8/18	郑敏	sold
广州_20241023_C1766	C1766	广州	理想	36.3	2024/10/23	陈强	pending
成都_20240913_C1767	C1767	成都	蔚来	35.7	2024/9/13	林颖	sold
长沙_20240318_C1768	C1768	长沙	宝马	37.1	2024/3/18	唐超	sold
昆明_20240704_C1769	C1769	昆明	丰田	25.5	2024/7/4	林宁	pending
沈阳_20241020_C1770	C1770	沈阳	本田	22.8	2024/10/20	唐超	sold
重庆_20240804_C1771	C1771	重庆	本田	22	2024/8/4	赵鹏	sold
南京_20240906_C1772	C1772	南京	长城	15.1	2024/9/6	孙静	sold
成都_20240611_C1773	C1773	成都	奥迪	61.5	2024/6/11	唐军	sold
长沙_20240430_C1774	C1774	长沙	丰田	15.1	2024/4/30	赵敏	pending
北京_20240109_C1775	C1775	北京	奥迪	27.5	2024/1/9	郑颖	sold
深圳_20240313_C1776	C1776	深圳	本田	18.3	2024/3/13	赵敏	pending
上海_20241208_C1777	C1777	上海	理想	38.5	2024/12/8	郭洋	sold
宁波_20240324_C1778	C1778	宁波	五菱	10.8	2024/3/24	刘敏	sold
郑州_20240716_C1779	C1779	郑州	奥迪	59.2	2024/7/16	陈涛	sold
北京_20241116_C1780	C1780	北京	宝马	63.2	2024/11/16	赵颖	sold
郑州_20240825_C1781	C1781	郑州	蔚来	31.5	2024/8/25	林娜	sold
昆明_20240602_C1782	C1782	昆明	蔚来	43.3	2024/6/2	王静	pending
重庆_20240602_C1783	C1783	重庆	本田	25.7	2024/6/2	王芳	sold
广州_20240723_C1784	C1784	广州	奥迪	57	2024/7/23	孙洋	sold
苏州_20240304_C1785	C1785	苏州	奔驰	34.7	2024/3/4	沈娜	pending
重庆_20241022_C1786	C1786	重庆	宝马	33.5	2024/10/22	孙涛	sold
成都_20240217_C1787	C1787	成都	长安	14.6	2024/2/17	陈丽	sold
苏州_20240410_C1788	C1788	苏州	蔚来	50.2	2024/4/10	孙杰	sold
上海_20240413_C1789	C1789	上海	比亚迪	11.2	2024/4/13	李芳	sold
沈阳_20240531_C1790	C1790	沈阳	蔚来	40.6	2024/5/31	刘敏	sold
重庆_20240905_C1791	C1791	重庆	蔚来	42	2024/9/5	郑鹏	sold
青岛_20240804_C1792	C1792	青岛	奥迪	58.7	2024/8/4	唐颖	sold
长沙_20240804_C1793	C1793	长沙	吉利	13	2024/8/4	陈军	sold
长沙_20240121_C1794	C1794	长沙	特斯拉	42	2024/1/21	王娜	sold
深圳_20240301_C1795	C1795	深圳	丰田	13.5	2024/3/1	郑芳	sold
武汉_20241217_C1796	C1796	武汉	蔚来	41.7	2024/12/17	吴强	pending
天津_20241108_C1797	C1797	天津	特斯拉	28.3	2024/11/8	郑敏	sold
南京_20240208_C1798	C1798	南京	吉利	9.3	2024/2/8	王军	sold
武汉_20240523_C1799	C1799	武汉	理想	34.9	2024/5/23	沈颖	sold
成都_20240528_C1800	C1800	成都	丰田	22.6	2024/5/28	林丽	sold
天津_20240620_C1801	C1801	天津	本田	18.6	2024/6/20	周鹏	sold
深圳_20241018_C1802	C1802	深圳	理想	35.8	2024/10/18	孙芳	sold
昆明_20241219_C1803	C1803	昆明	小鹏	35.6	2024/12/19	吴敏	pending
长沙_20241005_C1804	C1804	长沙	奥迪	69.4	2024/10/5	周涛	sold
西安_20240520_C1805	C1805	西安	本田	32.6	2024/5/20	孙鹏	pending
宁波_20240106_C1806	C1806	宁波	特斯拉	45.9	2024/1/6	吴洋	pending
杭州_20241023_C1807	C1807	杭州	宝马	32.9	2024/10/23	林杰	sold
重庆_20240209_C1808	C1808	重庆	宝马	52	2024/2/9	周洋	sold
武汉_20241008_C1809	C1809	武汉	吉利	18.4	2024/10/8	周宁	sold
北京_20241016_C1810	C1810	北京	奥迪	51.4	2024/10/16	郭鹏	pending
沈阳_20240809_C1811	C1811	沈阳	长安	17.6	2024/8/9	张静	pending
郑州_20241127_C1812	C1812	郑州	长安	11.4	2024/11/27	周丽	sold
南京_20240918_C1813	C1813	南京	本田	14.1	2024/9/18	赵伟	pending
宁波_20240916_C1814	C1814	宁波	大众	13.6	2024/9/16	郭丽	sold
广州_20240210_C1815	C1815	广州	长安	8.4	2024/2/10	李超	sold
北京_20241229_C1816	C1816	北京	理想	48.5	2024/12/29	李军	pending
长沙_20240803_C1817	C1817	长沙	小鹏	39.1	2024/8/3	杨洋	sold
武汉_20240320_C1818	C1818	武汉	吉利	10.7	2024/3/20	杨丽	sold
长沙_20241009_C1819	C1819	长沙	吉利	8.7	2024/10/9	郭静	sold
宁波_20240917_C1820	C1820	宁波	宝马	58.9	2024/9/17	王强	sold
沈阳_20240905_C1821	C1821	沈阳	大众	31.6	2024/9/5	陈洋	pending
北京_20240919_C1822	C1822	北京	奔驰	58.4	2024/9/19	周洋	sold
重庆_20240710_C1823	C1823	重庆	五菱	10.7	2024/7/10	杨静	pending
长沙_20241008_C1824	C1824	长沙	五菱	7.4	2024/10/8	李鹏	sold
苏州_20240618_C1825	C1825	苏州	蔚来	46.9	2024/6/18	吴静	sold
广州_20240624_C1826	C1826	广州	五菱	9.4	2024/6/24	王娜	sold
苏州_20240913_C1827	C1827	苏州	长城	23.6	2024/9/13	张洋	pending
广州_20241029_C1828	C1828	广州	奔驰	72	2024/10/29	陈伟	sold
深圳_20240515_C1829	C1829	深圳	大众	17.5	2024/5/15	杨芳	sold
青岛_20240707_C1830	C1830	青岛	宝马	45.6	2024/7/7	杨杰	sold
南京_20241006_C1831	C1831	南京	奥迪	40.6	2024/10/6	李杰	sold
武汉_20240421_C1832	C1832	武汉	五菱	11.4	2024/4/21	杨鹏	sold
西安_20240701_C1833	C1833	西安	长安	18.5	2024/7/1	张娜	pending
苏州_20241004_C1834	C1834	苏州	五菱	4.5	2024/10/4	李洋	sold
天津_20240901_C1835	C1835	天津	蔚来	40.7	2024/9/1	张娜	sold
武汉_20240523_C1836	C1836	武汉	蔚来	62.8	2024/5/23	唐军	pending
昆明_20241209_C1837	C1837	昆明	宝马	31.6	2024/12/9	陈军	sold
昆明_20241124_C1838	C1838	昆明	吉利	21.4	2024/11/24	沈静	pending
天津_20240901_C1839	C1839	天津	理想	39.2	2024/9/1	吴敏	sold
沈阳_20240426_C1840	C1840	沈阳	五菱	11.5	2024/4/26	王超	sold
青岛_20240311_C1841	C1841	青岛	理想	29.4	2024/3/11	刘涛	sold
成都_20241227_C1842	C1842	成都	比亚迪	16.8	2024/12/27	林洋	sold
武汉_20240830_C1843	C1843	武汉	特斯拉	37.5	2024/8/30	王强	sold
北京_20240330_C1844	C1844	北京	宝马	46.6	2024/3/30	吴洋	sold
南京_20241225_C1845	C1845	南京	蔚来	37.1	2024/12/25	陈丽	sold
重庆_20241019_C1846	C1846	重庆	蔚来	38.8	2024/10/19	郑洋	sold
成都_20240704_C1847	C1847	成都	小鹏	15.7	2024/7/4	王军	sold
武汉_20240816_C1848	C1848	武汉	奔驰	47.9	2024/8/16	周敏	sold
重庆_20240712_C1849	C1849	重庆	丰田	41.4	2024/7/12	刘丽	pending
郑州_20240721_C1850	C1850	郑州	丰田	29.5	2024/7/21	郑宁	pending
杭州_20240408_C1851	C1851	杭州	大众	19.1	2024/4/8	沈芳	sold
北京_20240723_C1852	C1852	北京	理想	38.9	2024/7/23	王鹏	pending
青岛_20240515_C1853	C1853	青岛	奔驰	59.1	2024/5/15	李涛	sold
苏州_20240825_C1854	C1854	苏州	五菱	11.6	2024/8/25	杨静	pending
深圳_20240404_C1855	C1855	深圳	五菱	11.6	2024/4/4	孙伟	sold
沈阳_20241123_C1856	C1856	沈阳	长城	23.9	2024/11/23	陈涛	sold
成都_20240727_C1857	C1857	成都	五菱	13.1	2024/7/27	吴杰	pending
苏州_20240720_C1858	C1858	苏州	奔驰	102.7	2024/7/20	唐伟	pending
长沙_20240420_C1859	C1859	长沙	特斯拉	43.6	2024/4/20	王军	sold
武汉_20240709_C1860	C1860	武汉	丰田	30	2024/7/9	杨丽	pending
昆明_20240406_C1861	C1861	昆明	长城	17.6	2024/4/6	郑鹏	sold
南京_20240425_C1862	C1862	南京	奥迪	25.2	2024/4/25	刘颖	sold
杭州_20240117_C1863	C1863	杭州	宝马	47	2024/1/17	吴鹏	sold
深圳_20240320_C1864	C1864	深圳	特斯拉	28.9	2024/3/20	杨娜	pending
广州_20240516_C1865	C1865	广州	奥迪	63.4	2024/5/16	王芳	pending
昆明_20240113_C1866	C1866	昆明	大众	29.1	2024/1/13	王鹏	sold
郑州_20240720_C1867	C1867	郑州	长安	13.7	2024/7/20	沈芳	sold
南京_20240724_C1868	C1868	南京	比亚迪	19.2	2024/7/24	郭涛	pending
郑州_20240227_C1869	C1869	郑州	长安	7.6	2024/2/27	唐静	sold
西安_20240614_C1870	C1870	西安	本田	13.2	2024/6/14	李杰	pending
深圳_20241228_C1871	C1871	深圳	大众	26.3	2024/12/28	沈鹏	sold
南京_20241007_C1872	C1872	南京	长城	24.5	2024/10/7	郭伟	sold
青岛_20241021_C1873	C1873	青岛	丰田	19.8	2024/10/21	吴伟	pending
成都_20240725_C1874	C1874	成都	本田	17.9	2024/7/25	赵洋	sold
武汉_20240624_C1875	C1875	武汉	大众	27.9	2024/6/24	周宁	pending
宁波_20240815_C1876	C1876	宁波	特斯拉	51.5	2024/8/15	郑涛	pending
苏州_20241008_C1877	C1877	苏州	大众	23.7	2024/10/8	周宁	sold
青岛_20240528_C1878	C1878	青岛	蔚来	50	2024/5/28	沈芳	pending
南京_20240730_C1879	C1879	南京	蔚来	39	2024/7/30	唐鹏	sold
昆明_20240929_C1880	C1880	昆明	宝马	61.6	2024/9/29	杨宁	pending
深圳_20241019_C1881	C1881	深圳	宝马	71.2	2024/10/19	周静	sold
北京_20240115_C1882	C1882	北京	长城	16.4	2024/1/15	王丽	sold
昆明_20240721_C1883	C1883	昆明	奥迪	60.2	2024/7/21	吴杰	sold
成都_20240705_C1884	C1884	成都	奥迪	45.2	2024/7/5	赵敏	sold
武汉_20240427_C1885	C1885	武汉	蔚来	50.9	2024/4/27	沈娜	sold
广州_20241024_C1886	C1886	广州	理想	28.5	2024/10/24	李伟	sold
长沙_20240314_C1887	C1887	长沙	本田	18.7	2024/3/14	唐强	pending
宁波_20240420_C1888	C1888	宁波	大众	23.4	2024/4/20	唐娜	sold
上海_20240820_C1889	C1889	上海	宝马	68.5	2024/8/20	吴敏	sold
上海_20240515_C1890	C1890	上海	奥迪	54	2024/5/15	郭颖	sold
昆明_20240101_C1891	C1891	昆明	长城	22.9	2024/1/1	沈伟	pending
武汉_20240717_C1892	C1892	武汉	比亚迪	25.6	2024/7/17	赵宁	sold
北京_20241012_C1893	C1893	北京	理想	41	2024/10/12	郑鹏	sold
广州_20240907_C1894	C1894	广州	大众	19.9	2024/9/7	赵洋	sold
长沙_20240614_C1895	C1895	长沙	大众	11	2024/6/14	孙超	sold
长沙_20240321_C1896	C1896	长沙	比亚迪	17	2024/3/21	王颖	pending
武汉_20241117_C1897	C1897	武汉	丰田	26.2	2024/11/17	刘强	sold
北京_20240505_C1898	C1898	北京	理想	37.6	2024/5/5	吴敏	sold
宁波_20240323_C1899	C1899	宁波	长城	11.7	2024/3/23	赵芳	sold
昆明_20241229_C1900	C1900	昆明	丰田	16	2024/12/29	吴超	sold
杭州_20241206_C1901	C1901	杭州	大众	18.5	2024/12/6	林强	sold
成都_20240219_C1902	C1902	成都	理想	46.8	2024/2/19	陈颖	sold
长沙_20241017_C1903	C1903	长沙	理想	39.5	2024/10/17	林强	sold
长沙_20240824_C1904	C1904	长沙	五菱	7.7	2024/8/24	唐伟	sold
武汉_20240929_C1905	C1905	武汉	理想	42.2	2024/9/29	孙敏	sold
沈阳_20241120_C1906	C1906	沈阳	长安	12.1	2024/11/20	孙静	sold
长沙_20240217_C1907	C1907	长沙	理想	30.4	2024/2/17	吴鹏	sold
上海_20240305_C1908	C1908	上海	小鹏	39.3	2024/3/5	张超	sold
青岛_20241016_C1909	C1909	青岛	奔驰	36.4	2024/10/16	孙超	sold
西安_20241119_C1910	C1910	西安	比亚迪	24.2	2024/11/19	林敏	sold
青岛_20241007_C1911	C1911	青岛	长城	18.3	2024/10/7	周超	pending
杭州_20241217_C1912	C1912	杭州	奥迪	39.3	2024/12/17	周敏	pending
上海_20240812_C1913	C1913	上海	丰田	28.9	2024/8/12	陈静	sold
郑州_20240710_C1914	C1914	郑州	蔚来	38.6	2024/7/10	李超	pending
西安_20240819_C1915	C1915	西安	吉利	19.1	2024/8/19	陈敏	sold
沈阳_20240902_C1916	C1916	沈阳	长安	10.2	2024/9/2	刘敏	sold
武汉_20240106_C1917	C1917	武汉	蔚来	37.4	2024/1/6	赵敏	pending
深圳_20241115_C1918	C1918	深圳	奔驰	81.1	2024/11/15	郑伟	sold
青岛_20241126_C1919	C1919	青岛	小鹏	35.7	2024/11/26	刘鹏	sold
成都_20240921_C1920	C1920	成都	丰田	31	2024/9/21	吴超	pending
北京_20240524_C1921	C1921	北京	宝马	78.8	2024/5/24	吴敏	sold
广州_20240908_C1922	C1922	广州	蔚来	55.3	2024/9/8	林娜	pending
长沙_20240305_C1923	C1923	长沙	宝马	49	2024/3/5	郭军	pending
南京_20241029_C1924	C1924	南京	奔驰	62.4	2024/10/29	陈芳	sold
成都_20240227_C1925	C1925	成都	理想	41.6	2024/2/27	林杰	sold
南京_20240908_C1926	C1926	南京	小鹏	24.8	2024/9/8	王涛	pending
宁波_20240908_C1927	C1927	宁波	五菱	9.4	2024/9/8	赵杰	sold
成都_20240310_C1928	C1928	成都	比亚迪	7	2024/3/10	林宁	sold
昆明_20240301_C1929	C1929	昆明	长安	15.2	2024/3/1	郑芳	sold
西安_20240803_C1930	C1930	西安	比亚迪	11.3	2024/8/3	周静	pending
苏州_20240705_C1931	C1931	苏州	宝马	28.7	2024/7/5	郭宁	sold
杭州_20240510_C1932	C1932	杭州	长城	25.2	2024/5/10	王涛	pending
南京_20240318_C1933	C1933	南京	蔚来	43.6	2024/3/18	赵涛	pending
北京_20241208_C1934	C1934	北京	理想	38.4	2024/12/8	陈娜	sold
武汉_20240411_C1935	C1935	武汉	特斯拉	26.2	2024/4/11	沈丽	sold
杭州_20240311_C1936	C1936	杭州	理想	46.1	2024/3/11	周超	sold
昆明_20240901_C1937	C1937	昆明	蔚来	49.6	2024/9/1	赵颖	pending
沈阳_20241211_C1938	C1938	沈阳	宝马	66.2	2024/12/11	杨敏	sold
西安_20240108_C1939	C1939	西安	五菱	9.4	2024/1/8	赵伟	sold
西安_20241116_C1940	C1940	西安	长城	20.1	2024/11/16	郭超	sold
沈阳_20240605_C1941	C1941	沈阳	五菱	7.7	2024/6/5	郑杰	pending
成都_20240519_C1942	C1942	成都	本田	27.4	2024/5/19	沈强	sold
成都_20241009_C1943	C1943	成都	大众	14	2024/10/9	吴强	sold
杭州_20240423_C1944	C1944	杭州	特斯拉	38.9	2024/4/23	杨强	sold
长沙_20241114_C1945	C1945	长沙	蔚来	39.4	2024/11/14	孙涛	sold
杭州_20241103_C1946	C1946	杭州	小鹏	23	2024/11/3	郑丽	pending
重庆_20240518_C1947	C1947	重庆	比亚迪	8.2	2024/5/18	陈娜	pending
苏州_20240613_C1948	C1948	苏州	大众	23.9	2024/6/13	郭涛	pending
昆明_20241018_C1949	C1949	昆明	宝马	73.6	2024/10/18	郭敏	pending
杭州_20240915_C1950	C1950	杭州	奥迪	60.7	2024/9/15	李敏	sold
成都_20240623_C1951	C1951	成都	奔驰	76.2	2024/6/23	唐静	sold
西安_20240530_C1952	C1952	西安	长安	13.1	2024/5/30	王鹏	sold
青岛_20240430_C1953	C1953	青岛	奔驰	78.9	2024/4/30	王强	sold
苏州_20240712_C1954	C1954	苏州	长城	17.7	2024/7/12	周杰	sold
杭州_20240522_C1955	C1955	杭州	大众	17.3	2024/5/22	李军	pending
宁波_20241008_C1956	C1956	宁波	奥迪	37.6	2024/10/8	孙静	sold
宁波_20241029_C1957	C1957	宁波	小鹏	25.6	2024/10/29	吴杰	sold
长沙_20240717_C1958	C1958	长沙	理想	45.7	2024/7/17	王鹏	sold
重庆_20240202_C1959	C1959	重庆	奔驰	80.7	2024/2/2	周敏	sold
广州_20240615_C1960	C1960	广州	五菱	11.6	2024/6/15	孙丽	pending
西安_20240522_C1961	C1961	西安	奔驰	44.6	2024/5/22	沈杰	sold
南京_20240803_C1962	C1962	南京	长安	8.1	2024/8/3	李超	sold
杭州_20240715_C1963	C1963	杭州	小鹏	37.4	2024/7/15	郑芳	pending
苏州_20240409_C1964	C1964	苏州	奔驰	89.6	2024/4/9	张敏	sold
武汉_20240501_C1965	C1965	武汉	本田	21.3	2024/5/1	郭鹏	pending
长沙_20240616_C1966	C1966	长沙	特斯拉	37.9	2024/6/16	周静	sold
昆明_20240904_C1967	C1967	昆明	五菱	9.5	2024/9/4	赵娜	sold
天津_20241120_C1968	C1968	天津	宝马	26.7	2024/11/20	唐洋	sold
成都_20240228_C1969	C1969	成都	五菱	7.4	2024/2/28	林杰	pending
成都_20241201_C1970	C1970	成都	丰田	36.1	2024/12/1	周强	pending
昆明_20240127_C1971	C1971	昆明	宝马	60.6	2024/1/27	吴超	sold
广州_20240604_C1972	C1972	广州	理想	31.5	2024/6/4	林敏	sold
西安_20240928_C1973	C1973	西安	丰田	29.1	2024/9/28	沈涛	sold
广州_20240710_C1974	C1974	广州	丰田	30.5	2024/7/10	赵静	pending
苏州_20240305_C1975	C1975	苏州	长城	17.9	2024/3/5	陈芳	sold
宁波_20240705_C1976	C1976	宁波	五菱	8.1	2024/7/5	林超	pending
武汉_20240708_C1977	C1977	武汉	奔驰	94.1	2024/7/8	郭军	sold
南京_20240815_C1978	C1978	南京	本田	14.7	2024/8/15	陈超	sold
重庆_20240106_C1979	C1979	重庆	比亚迪	11.1	2024/1/6	沈芳	sold
长沙_20240429_C1980	C1980	长沙	长城	24.1	2024/4/29	赵强	sold
长沙_20240602_C1981	C1981	长沙	特斯拉	31.4	2024/6/2	刘洋	sold
杭州_20240321_C1982	C1982	杭州	奥迪	49.1	2024/3/21	杨伟	sold
天津_20240330_C1983	C1983	天津	特斯拉	36.2	2024/3/30	张宁	sold
沈阳_20240524_C1984	C1984	沈阳	吉利	17.5	2024/5/24	陈杰	pending
北京_20241031_C1985	C1985	北京	奥迪	54.6	2024/10/31	郑颖	sold
杭州_20241211_C1986	C1986	杭州	大众	22.5	2024/12/11	王杰	sold
沈阳_20241221_C1987	C1987	沈阳	小鹏	41	2024/12/21	郑超	pending
深圳_20240607_C1988	C1988	深圳	小鹏	17.5	2024/6/7	赵鹏	sold
天津_20240608_C1989	C1989	天津	理想	51.7	2024/6/8	张芳	pending
昆明_20240420_C1990	C1990	昆明	宝马	83.8	2024/4/20	周芳	pending
南京_20240107_C1991	C1991	南京	奥迪	39.7	2024/1/7	赵宁	sold
天津_20241026_C1992	C1992	天津	小鹏	32	2024/10/26	刘涛	sold
杭州_20240312_C1993	C1993	杭州	比亚迪	24.3	2024/3/12	唐强	pending
宁波_20240917_C1994	C1994	宁波	五菱	8.7	2024/9/17	郭超	sold
广州_20241115_C1995	C1995	广州	长城	14.1	2024/11/15	郑杰	pending
深圳_20240519_C1996	C1996	深圳	大众	22.3	2024/5/19	杨强	sold
长沙_20240812_C1997	C1997	长沙	理想	28.2	2024/8/12	沈超	sold
苏州_20240902_C1998	C1998	苏州	本田	26.1	2024/9/2	赵娜	sold
成都_20240724_C1999	C1999	成都	蔚来	52.4	2024/7/24	郑伟	pending
宁波_20240123_C2000	C2000	宁波	长安	12.9	2024/1/23	林芳	pending
