car_id,city,brand,price,sale_date,owner_name,status
C1001,南京,奥迪,66.9,2024/3/13,孙颖,sold
C1002,上海,奥迪,40.4,2024/4/11,沈伟,sold
C1003,重庆,本田,27.4,2024/5/20,杨强,pending
C1004,广州,奔驰,66.8,2024/12/8,沈洋,sold
C1005,西安,特斯拉,37.4,2024/3/5,郭敏,sold
C1006,天津,特斯拉,42.7,2024/12/18,沈军,pending
C1007,上海,长城,18.9,2024/6/10,周宁,sold
C1008,郑州,蔚来,46.2,2024/1/31,王芳,pending
C1009,宁波,理想,47.4,2024/1/12,吴丽,sold
C1010,宁波,本田,22.9,2024/12/13,郑强,sold
C1011,天津,蔚来,41.3,2024/12/1,沈静,sold
C1012,杭州,丰田,26.1,2024/9/5,刘静,sold
C1013,北京,比亚迪,25.8,2024/5/22,陈超,sold
C1014,成都,蔚来,45.4,2024/6/19,陈洋,pending
C1015,沈阳,五菱,4.7,2024/7/27,周涛,sold
C1016,昆明,大众,24.2,2024/6/6,郑敏,pending
C1017,广州,小鹏,33,2024/4/8,周芳,sold
C1018,西安,理想,42.4,2024/11/3,周伟,sold
C1019,西安,理想,35.4,2024/9/21,杨强,sold
C1020,成都,小鹏,28.2,2024/11/6,郑敏,sold
C1021,沈阳,特斯拉,34.5,2024/7/5,杨杰,sold
C1022,南京,蔚来,45.3,2024/4/26,杨强,pending
C1023,西安,大众,18.2,2024/12/7,张伟,sold
C1024,南京,丰田,22.4,2024/8/1,赵洋,sold
C1025,昆明,奔驰,47.1,2024/10/13,赵杰,sold
C1026,天津,吉利,19.3,2024/10/15,杨洋,pending
C1027,沈阳,五菱,11.7,2024/6/15,沈军,pending
C1028,南京,蔚来,37.3,2024/9/20,沈超,sold
C1029,西安,丰田,14.6,2024/8/15,郭伟,sold
C1030,长沙,五菱,9.3,2024/9/26,周静,sold
C1031,北京,长安,10.9,2024/2/12,唐强,sold
C1032,武汉,长安,15.1,2024/11/6,郑静,sold
C1033,广州,小鹏,30.2,2024/4/22,沈伟,sold
C1034,西安,奥迪,32,2024/1/18,周丽,pending
C1035,武汉,大众,19.6,2024/10/16,杨超,sold
C1036,深圳,蔚来,46,2024/8/31,杨涛,pending
C1037,昆明,长安,14.5,2024/5/5,郭宁,pending
C1038,武汉,吉利,15.5,2024/2/22,沈颖,sold
C1039,昆明,长安,12.5,2024/10/14,唐宁,sold
C1040,南京,理想,42.9,2024/10/24,吴强,sold
C1041,西安,奥迪,60.8,2024/2/4,陈超,sold
C1042,苏州,本田,28,2024/7/18,王宁,sold
C1043,沈阳,奥迪,38.9,2024/7/24,张娜,sold
C1044,青岛,大众,22.5,2024/12/21,郭军,pending
C1045,宁波,本田,20.4,2024/1/11,杨静,sold
C1046,昆明,特斯拉,30.1,2024/6/17,郭娜,sold
C1047,深圳,小鹏,29.4,2024/9/8,杨丽,pending
C1048,上海,五菱,4.6,2024/10/5,吴伟,sold
C1049,成都,理想,41.9,2024/11/20,王静,sold
C1050,苏州,蔚来,33.7,2024/12/12,郑敏,sold
C1051,武汉,比亚迪,7.4,2024/11/3,赵涛,pending
C1052,上海,大众,21.1,2024/2/11,张颖,pending
C1053,沈阳,长安,16.9,2024/9/23,周军,pending
C1054,广州,长安,14.2,2024/6/8,郭颖,sold
C1055,杭州,理想,56.5,2024/3/12,张丽,pending
C1056,重庆,长城,14.9,2024/10/9,吴鹏,pending
C1057,北京,丰田,23.2,2024/5/3,杨伟,sold
C1058,沈阳,长安,8.7,2024/7/22,沈军,sold
C1059,广州,大众,12.9,2024/10/25,李静,sold
C1060,长沙,奔驰,58.8,2024/6/12,唐洋,pending
C1061,西安,丰田,34.9,2024/7/1,周宁,sold
C1062,青岛,长安,12.9,2024/2/1,陈军,sold
C1063,长沙,丰田,24.4,2024/1/12,张敏,sold
C1064,广州,理想,35.1,2024/6/13,郑娜,sold
C1065,深圳,蔚来,53.4,2024/9/2,唐超,pending
C1066,北京,蔚来,53.8,2024/12/8,唐娜,sold
C1067,西安,奔驰,69.8,2024/1/14,李杰,sold
C1068,深圳,长城,19.4,2024/12/2,林娜,sold
C1069,成都,长城,11.9,2024/6/12,郭静,sold
C1070,沈阳,五菱,7.6,2024/7/2,刘敏,sold
C1071,成都,特斯拉,37,2024/2/8,沈超,pending
C1072,长沙,蔚来,41.4,2024/10/21,郑娜,sold
C1073,昆明,丰田,30.9,2024/5/24,吴强,sold
C1074,成都,长安,10.6,2024/10/17,张军,sold
C1075,苏州,小鹏,24.5,2024/9/26,张鹏,sold
C1076,郑州,奔驰,75.7,2024/3/2,吴强,sold
C1077,沈阳,特斯拉,36.3,2024/1/11,沈敏,pending
C1078,南京,吉利,10.2,2024/9/23,王超,sold
C1079,成都,理想,42.5,2024/11/14,孙宁,pending
C1080,南京,小鹏,40.7,2024/9/15,周静,pending
C1081,武汉,小鹏,29,2024/7/2,杨丽,pending
C1082,昆明,五菱,7.8,2024/4/1,沈鹏,sold
C1083,沈阳,宝马,73.7,2024/10/22,孙强,pending
C1084,苏州,特斯拉,47.8,2024/9/14,孙军,pending
C1085,上海,特斯拉,37.9,2024/5/7,杨丽,sold
C1086,青岛,比亚迪,8.4,2024/10/6,陈静,sold
C1087,苏州,长城,13.2,2024/1/1,林超,pending
C1088,广州,长城,11.4,2024/11/28,刘军,pending
C1089,深圳,奔驰,37.4,2024/2/29,陈超,sold
C1090,苏州,小鹏,37,2024/1/4,沈洋,sold
C1091,郑州,长安,9.7,2024/10/2,杨敏,pending
C1092,武汉,特斯拉,32.5,2024/9/8,郑超,sold
C1093,苏州,五菱,10.7,2024/12/18,沈伟,sold
C1094,青岛,蔚来,48.4,2024/11/8,王洋,sold
C1095,沈阳,吉利,8.2,2024/11/6,刘芳,sold
C1096,武汉,奔驰,61.5,2024/10/18,陈洋,sold
C1097,广州,小鹏,38.8,2024/2/21,郑涛,sold
C1098,北京,蔚来,36.3,2024/8/23,赵敏,sold
C1099,武汉,大众,16.7,2024/8/25,沈静,sold
C1100,上海,奔驰,67,2024/11/16,吴洋,sold
C1101,郑州,蔚来,33.8,2024/8/30,林军,sold
C1102,广州,五菱,13.7,2024/6/18,刘伟,pending
C1103,杭州,丰田,24.4,2024/9/8,李颖,sold
C1104,北京,比亚迪,9,2024/2/22,王军,sold
C1105,武汉,比亚迪,18.8,2024/5/27,郭涛,sold
C1106,重庆,奥迪,36.4,2024/8/3,沈静,pending
C1107,重庆,比亚迪,18.9,2024/8/14,刘伟,sold
C1108,宁波,理想,32.4,2024/8/17,唐杰,pending
C1109,青岛,丰田,14.6,2024/9/30,李涛,sold
C1110,杭州,奥迪,27.8,2024/11/15,郭敏,sold
C1111,成都,宝马,62.5,2024/1/3,郑静,sold
C1112,北京,理想,40.7,2024/8/3,赵鹏,sold
C1113,南京,小鹏,39.1,2024/8/12,陈芳,sold
C1114,南京,比亚迪,25.7,2024/6/8,王颖,sold
C1115,北京,宝马,69.6,2024/8/15,张强,sold
C1116,郑州,五菱,4.8,2024/4/16,张丽,sold
C1117,杭州,吉利,17.3,2024/7/27,赵丽,sold
C1118,深圳,奔驰,87.7,2024/12/24,陈静,pending
C1119,长沙,宝马,34,2024/12/25,郑娜,sold
C1120,苏州,比亚迪,15.6,2024/11/4,王敏,pending
C1121,广州,比亚迪,30.7,2024/8/18,杨超,pending
C1122,宁波,丰田,30.8,2024/10/4,林军,pending
C1123,苏州,蔚来,55.4,2024/1/4,李颖,pending
C1124,南京,大众,25.5,2024/7/25,王娜,pending
C1125,北京,蔚来,47.2,2024/1/3,杨强,sold
C1126,北京,奔驰,63.2,2024/1/18,周鹏,sold
C1127,沈阳,吉利,9.8,2024/5/7,唐鹏,sold
C1128,沈阳,宝马,58.1,2024/11/7,陈洋,sold
C1129,西安,奥迪,48.8,2024/2/8,郑军,pending
C1130,南京,大众,13.3,2024/2/12,陈超,sold
C1131,上海,小鹏,18.8,2024/9/19,赵超,sold
C1132,南京,长城,18.4,2024/1/6,陈颖,sold
C1133,青岛,特斯拉,45.6,2024/3/21,李超,pending
C1134,重庆,理想,52.5,2024/10/21,吴杰,pending
C1135,青岛,本田,18.1,2024/11/6,郭静,sold
C1136,沈阳,小鹏,28.6,2024/10/27,孙丽,sold
C1137,南京,长安,7.5,2024/10/9,郭伟,sold
C1138,广州,特斯拉,40.6,2024/7/20,杨丽,sold
C1139,苏州,特斯拉,30.3,2024/10/25,郭军,sold
C1140,深圳,大众,29.2,2024/2/22,王丽,sold
C1141,重庆,宝马,76.2,2024/6/19,周宁,sold
C1142,苏州,奔驰,71.8,2024/10/1,王涛,sold
C1143,广州,吉利,17.8,2024/8/21,唐丽,sold
C1144,郑州,大众,18.2,2024/9/11,沈超,sold
C1145,北京,大众,15.6,2024/10/23,陈杰,sold
C1146,杭州,宝马,68.1,2024/8/13,郭丽,sold
C1147,南京,五菱,3.5,2024/9/19,周敏,sold
C1148,重庆,五菱,8,2024/10/3,杨超,sold
C1149,宁波,比亚迪,26.5,2024/11/30,孙宁,sold
C1150,北京,蔚来,47.5,2024/11/24,孙伟,sold
C1151,成都,特斯拉,39.6,2024/9/13,孙强,sold
C1152,杭州,五菱,8.8,2024/11/2,郭洋,sold
C1153,青岛,本田,29.9,2024/6/13,赵涛,pending
C1154,广州,奥迪,52.6,2024/5/20,唐敏,sold
C1155,广州,小鹏,22.6,2024/5/9,张宁,sold
C1156,上海,奔驰,84.5,2024/1/26,郑鹏,sold
C1157,沈阳,五菱,4,2024/4/18,唐超,pending
C1158,重庆,小鹏,26.9,2024/7/3,刘军,sold
C1159,重庆,吉利,18.8,2024/7/7,刘芳,sold
C1160,西安,奥迪,53.4,2024/2/14,林颖,sold
C1161,深圳,奔驰,84.9,2024/2/21,郭鹏,sold
C1162,成都,比亚迪,10.9,2024/2/18,刘杰,sold
C1163,昆明,奔驰,51.7,2024/11/8,沈敏,sold
C1164,昆明,本田,23.7,2024/10/9,王鹏,sold
C1165,沈阳,蔚来,52.6,2024/8/4,张涛,pending
C1166,宁波,小鹏,39,2024/11/9,郑鹏,sold
C1167,南京,比亚迪,9,2024/9/28,周伟,pending
C1168,长沙,理想,32,2024/12/29,林伟,sold
C1169,深圳,长城,24.6,2024/6/24,沈芳,pending
C1170,苏州,比亚迪,27.5,2024/3/8,吴芳,sold
C1171,沈阳,奥迪,62.8,2024/12/3,李芳,pending
C1172,成都,吉利,18.3,2024/1/14,周强,pending
C1173,广州,比亚迪,29.1,2024/6/17,陈杰,sold
C1174,广州,丰田,24.1,2024/7/15,陈芳,sold
C1175,杭州,小鹏,38.7,2024/9/9,吴涛,sold
C1176,苏州,奥迪,57.4,2024/5/20,陈芳,sold
C1177,沈阳,理想,43.6,2024/7/9,刘颖,sold
C1178,昆明,丰田,28.3,2024/3/10,周杰,pending
C1179,南京,蔚来,34.9,2024/10/5,刘杰,pending
C1180,上海,五菱,7.1,2024/6/6,郭涛,sold
C1181,上海,宝马,66.9,2024/12/29,赵超,sold
C1182,重庆,丰田,36.2,2024/4/13,吴军,pending
C1183,苏州,长城,25.1,2024/2/16,陈丽,pending
C1184,深圳,小鹏,38.4,2024/9/2,赵强,sold
C1185,武汉,本田,11.1,2024/12/30,唐强,sold
C1186,西安,理想,36.3,2024/3/21,孙丽,sold
C1187,西安,奥迪,67.6,2024/1/17,杨杰,sold
C1188,昆明,长安,17.1,2024/10/2,唐丽,sold
C1189,深圳,理想,49.4,2024/8/12,张芳,pending
C1190,北京,本田,13.8,2024/2/20,林军,sold
C1191,杭州,长安,16.5,2024/10/23,周敏,sold
C1192,杭州,理想,36,2024/1/26,周强,sold
C1193,成都,蔚来,40.2,2024/9/26,林涛,sold
C1194,广州,奔驰,78.3,2024/11/12,郑娜,pending
C1195,杭州,小鹏,33.8,2024/12/31,陈超,sold
C1196,昆明,长城,10.3,2024/8/5,吴涛,sold
C1197,北京,宝马,68.6,2024/10/28,郭静,pending
C1198,重庆,长安,15,2024/5/20,吴涛,sold
C1199,成都,长城,13.6,2024/1/11,周杰,pending
C1200,深圳,奔驰,78.5,2024/8/7,赵丽,sold
C1201,杭州,比亚迪,10.7,2024/4/12,刘强,pending
C1202,宁波,长城,12,2024/2/6,王丽,sold
C1203,重庆,长安,15.6,2024/12/11,王丽,sold
C1204,成都,小鹏,22.4,2024/11/7,张芳,sold
C1205,郑州,宝马,62.8,2024/5/2,王娜,sold
C1206,南京,奥迪,31.8,2024/7/17,周敏,sold
C1207,成都,本田,22.6,2024/9/4,沈颖,sold
C1208,杭州,吉利,15.5,2024/7/19,张超,sold
C1209,深圳,丰田,28.6,2024/12/18,刘洋,sold
C1210,武汉,奥迪,36,2024/4/13,唐超,sold
C1211,宁波,小鹏,40.9,2024/10/16,陈敏,pending
C1212,武汉,比亚迪,14.2,2024/6/6,唐娜,sold
C1213,深圳,吉利,19.5,2024/9/20,郑敏,sold
C1214,南京,大众,12.8,2024/6/13,郭芳,sold
C1215,深圳,蔚来,33.5,2024/4/22,吴颖,sold
C1216,上海,小鹏,33,2024/12/11,刘超,sold
C1217,青岛,奔驰,69,2024/8/7,孙强,sold
C1218,昆明,大众,15.6,2024/9/24,王强,pending
C1219,南京,小鹏,38.5,2024/10/19,郑强,sold
C1220,武汉,奔驰,92.2,2024/8/13,沈强,pending
C1221,郑州,大众,24.8,2024/7/21,郑静,sold
C1222,北京,小鹏,39.5,2024/7/20,赵军,sold
C1223,宁波,宝马,68.1,2024/2/26,赵宁,sold
C1224,杭州,五菱,3.1,2024/9/14,陈超,sold
C1225,杭州,小鹏,24.4,2024/5/9,唐杰,sold
C1226,深圳,小鹏,41.4,2024/3/15,张超,pending
C1227,长沙,五菱,4.6,2024/7/2,陈鹏,pending
C1228,宁波,长城,23.3,2024/10/11,沈洋,pending
C1229,苏州,理想,46.4,2024/4/13,郭静,sold
C1230,成都,长安,15.5,2024/8/29,孙强,sold
C1231,苏州,长安,14,2024/10/4,郑娜,sold
C1232,成都,丰田,17.5,2024/7/17,赵敏,sold
C1233,青岛,大众,11.8,2024/12/15,杨军,sold
C1234,苏州,小鹏,39.5,2024/11/14,刘宁,sold
C1235,南京,奔驰,99.9,2024/8/19,陈宁,sold
C1236,广州,宝马,45.8,2024/6/26,林颖,sold
C1237,长沙,特斯拉,29.9,2024/11/23,吴涛,sold
C1238,上海,比亚迪,12.2,2024/5/9,赵军,sold
C1239,南京,理想,47.2,2024/11/14,周军,sold
C1240,郑州,蔚来,35.2,2024/6/14,杨宁,sold
C1241,天津,宝马,50.4,2024/11/22,李杰,sold
C1242,昆明,奔驰,72.7,2024/3/5,林宁,pending
C1243,沈阳,小鹏,27.1,2024/1/2,赵丽,sold
C1244,深圳,长安,15.5,2024/4/29,郭强,sold
C1245,苏州,宝马,82.1,2024/8/31,王娜,pending
C1246,北京,五菱,9.6,2024/8/23,孙军,sold
C1247,广州,奥迪,59.8,2024/12/16,林涛,sold
C1248,昆明,小鹏,33.8,2024/8/2,郑杰,pending
C1249,武汉,奔驰,56.6,2024/11/26,林洋,pending
C1250,长沙,特斯拉,43.2,2024/10/2,张超,sold
C1251,深圳,理想,52.6,2024/1/22,郑超,pending
C1252,苏州,奥迪,68.3,2024/1/1,唐洋,sold
C1253,重庆,宝马,93.4,2024/4/18,刘丽,pending
C1254,北京,奔驰,65.1,2024/1/14,李颖,sold
C1255,郑州,五菱,5,2024/1/23,周敏,pending
C1256,天津,长城,19.1,2024/2/10,陈娜,sold
C1257,天津,宝马,57.1,2024/9/1,赵颖,pending
C1258,昆明,理想,36.3,2024/9/7,陈洋,sold
C1259,上海,特斯拉,39.8,2024/6/12,郭杰,sold
C1260,广州,吉利,14,2024/5/13,沈宁,pending
C1261,北京,宝马,55.8,2024/10/13,李超,pending
C1262,武汉,蔚来,39.2,2024/8/28,唐静,sold
C1263,广州,蔚来,37,2024/10/16,刘杰,sold
C1264,武汉,奥迪,61.3,2024/12/22,王涛,sold
C1265,沈阳,特斯拉,33.1,2024/7/25,孙丽,sold
C1266,郑州,小鹏,28,2024/3/30,唐伟,sold
C1267,郑州,大众,22.5,2024/10/1,孙军,sold
C1268,宁波,比亚迪,20.4,2024/9/7,王超,sold
C1269,宁波,宝马,35.4,2024/9/25,林敏,pending
C1270,昆明,奔驰,74.2,2024/7/16,陈涛,sold
C1271,宁波,五菱,10.8,2024/10/24,刘伟,sold
C1272,宁波,五菱,7.9,2024/10/26,沈颖,sold
C1273,深圳,丰田,34.5,2024/7/22,王洋,pending
C1274,北京,丰田,32.9,2024/10/19,林军,sold
C1275,郑州,小鹏,37.2,2024/8/9,赵军,sold
C1276,天津,蔚来,32.9,2024/7/12,王宁,sold
C1277,昆明,大众,26.3,2024/9/11,王颖,pending
C1278,武汉,蔚来,48.4,2024/12/21,沈超,sold
C1279,天津,比亚迪,6.1,2024/9/22,周敏,pending
C1280,成都,五菱,8.3,2024/8/8,唐洋,sold
C1281,北京,本田,13.1,2024/11/30,林宁,sold
C1282,广州,奔驰,61.8,2024/11/10,赵颖,pending
C1283,宁波,奔驰,33.9,2024/9/20,郭涛,sold
C1284,苏州,比亚迪,17.2,2024/5/3,杨超,sold
C1285,上海,理想,29.5,2024/9/5,林杰,sold
C1286,昆明,奔驰,73.4,2024/3/13,赵敏,sold
C1287,昆明,五菱,11.2,2024/11/12,郑伟,pending
C1288,郑州,奥迪,67.3,2024/4/21,刘军,sold
C1289,成都,宝马,74.5,2024/7/12,郑娜,sold
C1290,天津,宝马,76.3,2024/10/19,唐杰,pending
C1291,成都,长安,7.2,2024/12/15,郭宁,sold
C1292,长沙,本田,19,2024/7/2,孙颖,sold
C1293,宁波,吉利,17,2024/7/6,张静,sold
C1294,南京,宝马,33.8,2024/5/15,刘芳,sold
C1295,深圳,奔驰,92.6,2024/10/14,张宁,sold
C1296,杭州,奔驰,34.8,2024/4/13,周静,sold
C1297,昆明,长安,16.2,2024/10/27,王颖,sold
C1298,北京,小鹏,30.6,2024/12/20,郑伟,sold
C1299,青岛,丰田,33.4,2024/8/9,郑洋,sold
C1300,北京,特斯拉,44.5,2024/10/9,郑芳,pending
C1301,沈阳,奥迪,67.2,2024/7/10,郭超,pending
C1302,青岛,长城,11.4,2024/10/16,赵伟,sold
C1303,南京,本田,12.4,2024/2/29,周杰,sold
C1304,长沙,吉利,10.4,2024/12/2,周芳,sold
C1305,宁波,本田,15.2,2024/5/3,沈洋,sold
C1306,武汉,吉利,11.8,2024/12/28,赵鹏,sold
C1307,西安,奥迪,30.2,2024/9/18,唐芳,sold
C1308,深圳,特斯拉,34.8,2024/4/22,杨军,pending
C1309,北京,长安,17.1,2024/12/16,孙超,sold
C1310,苏州,大众,18.8,2024/12/15,沈强,sold
C1311,南京,长安,8.9,2024/9/20,周娜,pending
C1312,昆明,吉利,10.6,2024/8/18,张鹏,sold
C1313,北京,奔驰,88.2,2024/9/14,沈洋,pending
C1314,沈阳,吉利,17.4,2024/4/16,刘娜,sold
C1315,杭州,宝马,38.3,2024/2/9,赵娜,sold
C1316,郑州,奔驰,84.1,2024/11/17,孙洋,sold
C1317,广州,理想,33.6,2024/4/5,李宁,sold
C1318,武汉,本田,26.4,2024/8/31,陈杰,sold
C1319,苏州,奔驰,94,2024/7/17,杨颖,sold
C1320,杭州,本田,12.9,2024/1/16,林敏,sold
C1321,深圳,奥迪,36.7,2024/10/20,赵军,sold
C1322,成都,丰田,19.1,2024/12/6,李洋,sold
C1323,昆明,长安,17.6,2024/12/12,吴宁,sold
C1324,杭州,丰田,24.6,2024/9/3,王敏,pending
C1325,杭州,五菱,6.9,2024/8/16,周涛,sold
C1326,重庆,长安,14.4,2024/5/4,杨杰,sold
C1327,苏州,奔驰,76.9,2024/7/27,王伟,pending
C1328,宁波,丰田,23,2024/11/6,张静,sold
C1329,长沙,丰田,15.6,2024/1/12,吴强,sold
C1330,重庆,长城,20.2,2024/10/27,陈洋,pending
C1331,杭州,本田,21.6,2024/7/15,刘宁,pending
C1332,沈阳,五菱,11,2024/3/11,林杰,sold
C1333,长沙,大众,16,2024/10/4,杨伟,sold
C1334,郑州,理想,29.8,2024/12/2,张丽,sold
C1335,广州,理想,34,2024/6/16,杨宁,sold
C1336,长沙,长城,11.4,2024/5/11,赵芳,sold
C1337,成都,蔚来,32.4,2024/2/2,郭娜,sold
C1338,沈阳,奥迪,39.7,2024/12/13,唐强,sold
C1339,苏州,大众,13.6,2024/4/21,唐宁,sold
C1340,苏州,丰田,28.7,2024/4/23,陈洋,sold
C1341,成都,本田,18.2,2024/7/11,李静,sold
C1342,北京,长城,24.3,2024/6/18,沈静,sold
C1343,青岛,大众,18.5,2024/4/17,周鹏,pending
C1344,昆明,宝马,71,2024/4/14,郑颖,sold
C1345,武汉,奔驰,44.5,2024/1/6,杨敏,sold
C1346,杭州,小鹏,27.5,2024/2/7,沈涛,pending
C1347,武汉,本田,13.4,2024/12/23,唐伟,pending
C1348,武汉,五菱,8.7,2024/10/18,沈超,pending
C1349,南京,本田,10.6,2024/11/29,刘伟,sold
C1350,宁波,吉利,19.6,2024/11/4,陈强,sold
C1351,宁波,吉利,20.9,2024/6/11,李涛,pending
C1352,北京,宝马,77.9,2024/7/14,杨涛,sold
C1353,杭州,本田,22.8,2024/10/29,林静,sold
C1354,天津,大众,28.6,2024/11/27,周洋,sold
C1355,宁波,丰田,18.4,2024/11/3,王军,sold
C1356,昆明,小鹏,42.4,2024/5/16,陈杰,pending
C1357,北京,理想,48.3,2024/10/31,周超,sold
C1358,郑州,大众,14.8,2024/3/9,孙杰,sold
C1359,天津,本田,22.3,2024/2/13,张超,pending
C1360,青岛,丰田,33.4,2024/8/18,张娜,sold
C1361,西安,长城,20.1,2024/7/6,陈敏,sold
C1362,杭州,长安,13.4,2024/8/11,郑敏,sold
C1363,南京,丰田,16.7,2024/2/1,陈涛,pending
C1364,沈阳,丰田,30.4,2024/11/18,陈敏,sold
C1365,杭州,特斯拉,42.7,2024/12/28,李芳,sold
C1366,长沙,特斯拉,44.5,2024/7/19,孙敏,pending
C1367,苏州,吉利,13.7,2024/11/4,李杰,sold
C1368,宁波,特斯拉,42.4,2024/11/29,郭鹏,pending
C1369,北京,吉利,15.1,2024/8/26,张宁,sold
C1370,长沙,理想,35.5,2024/8/19,张鹏,pending
C1371,昆明,特斯拉,36.8,2024/8/5,郑杰,sold
C1372,深圳,蔚来,38.4,2024/7/22,吴洋,sold
C1373,深圳,奔驰,85.1,2024/2/9,沈强,sold
C1374,沈阳,奔驰,91.7,2024/7/22,刘杰,pending
C1375,沈阳,蔚来,64.5,2024/1/27,林鹏,pending
C1376,郑州,长城,19.9,2024/8/23,王洋,pending
C1377,郑州,宝马,30.8,2024/2/28,沈鹏,sold
C1378,成都,特斯拉,36.6,2024/7/30,郑娜,sold
C1379,杭州,奔驰,107.6,2024/7/20,王丽,pending
C1380,昆明,理想,40.9,2024/10/31,周超,pending
C1381,广州,宝马,43.1,2024/6/18,郑丽,sold
C1382,杭州,比亚迪,6.2,2024/4/17,王娜,pending
C1383,广州,比亚迪,20.9,2024/12/9,李丽,sold
C1384,苏州,丰田,34.2,2024/12/12,杨鹏,sold
C1385,青岛,丰田,18.5,2024/11/2,陈超,pending
C1386,南京,理想,38.8,2024/8/8,周涛,sold
C1387,深圳,小鹏,34.1,2024/3/22,王芳,sold
C1388,青岛,吉利,16.5,2024/11/14,林敏,pending
C1389,苏州,奥迪,34.4,2024/11/30,吴杰,pending
C1390,青岛,丰田,23.9,2024/8/26,杨伟,pending
C1391,上海,长安,11.7,2024/5/29,李超,sold
C1392,成都,长安,10.6,2024/1/13,郑敏,sold
C1393,南京,宝马,53.8,2024/4/11,林军,sold
C1394,西安,宝马,83.2,2024/4/14,陈军,pending
C1395,西安,小鹏,32.7,2024/4/11,陈静,sold
C1396,苏州,长安,15.1,2024/2/19,林颖,pending
C1397,杭州,本田,14.2,2024/3/17,吴静,sold
C1398,昆明,本田,19,2024/12/30,李军,pending
C1399,沈阳,奔驰,72.2,2024/9/12,张敏,sold
C1400,昆明,特斯拉,40,2024/10/11,吴敏,sold
C1401,长沙,大众,25.5,2024/7/4,张超,pending
C1402,长沙,丰田,18.6,2024/9/18,王军,sold
C1403,上海,长城,20.4,2024/3/26,李颖,sold
C1404,天津,长城,16.8,2024/7/15,沈伟,sold
C1405,昆明,大众,25.8,2024/8/9,刘丽,sold
C1406,广州,比亚迪,12.6,2024/7/30,郭强,sold
C1407,郑州,奥迪,62.3,2024/2/10,赵超,sold
C1408,宁波,奔驰,49.4,2024/10/23,孙鹏,pending
C1409,武汉,特斯拉,33.2,2024/5/13,刘敏,sold
C1410,杭州,长安,7.7,2024/4/25,陈芳,sold
C1411,重庆,吉利,13,2024/11/7,赵静,sold
C1412,北京,大众,17.5,2024/7/1,周宁,sold
C1413,深圳,蔚来,41.4,2024/11/15,周涛,pending
C1414,北京,吉利,16.8,2024/11/28,沈丽,sold
C1415,杭州,丰田,35.9,2024/1/12,刘宁,pending
C1416,重庆,宝马,28.5,2024/5/29,孙涛,sold
C1417,郑州,理想,36,2024/10/20,杨芳,sold
C1418,重庆,五菱,7.7,2024/8/21,刘丽,sold
C1419,重庆,理想,29.2,2024/10/20,唐宁,sold
C1420,宁波,吉利,10.3,2024/9/13,杨颖,sold
C1421,广州,长安,15.9,2024/1/25,杨强,sold
C1422,南京,吉利,13.5,2024/11/12,赵超,sold
C1423,北京,丰田,12.3,2024/5/25,杨娜,sold
C1424,天津,长城,13,2024/10/22,陈敏,pending
C1425,青岛,丰田,32.7,2024/4/12,周强,sold
C1426,郑州,奔驰,58.5,2024/2/2,杨强,sold
C1427,郑州,理想,29,2024/6/28,郭芳,sold
C1428,重庆,本田,26.6,2024/12/12,林鹏,sold
C1429,成都,小鹏,30.3,2024/12/5,郑娜,pending
C1430,成都,吉利,19.1,2024/8/29,郭洋,pending
C1431,武汉,长城,11.5,2024/11/16,郭伟,sold
C1432,上海,特斯拉,37.6,2024/3/10,张涛,sold
C1433,北京,蔚来,51,2024/11/19,林超,sold
C1434,郑州,五菱,11.5,2024/2/17,陈鹏,sold
C1435,苏州,大众,16.1,2024/3/24,刘涛,sold
C1436,深圳,宝马,49.1,2024/6/28,李敏,sold
C1437,杭州,比亚迪,17.2,2024/9/20,唐静,sold
C1438,重庆,本田,13.9,2024/7/7,孙鹏,sold
C1439,宁波,吉利,12.6,2024/11/9,赵杰,sold
C1440,杭州,小鹏,19.1,2024/12/18,唐娜,sold
C1441,沈阳,理想,41,2024/9/30,林芳,pending
C1442,深圳,五菱,4.2,2024/10/6,吴超,pending
C1443,武汉,蔚来,39.9,2024/4/15,张洋,pending
C1444,西安,长城,25,2024/3/13,唐静,sold
C1445,广州,比亚迪,25.2,2024/2/25,王敏,pending
C1446,宁波,长安,11.7,2024/5/2,周洋,pending
C1447,南京,长城,22.8,2024/4/1,沈涛,sold
C1448,郑州,长安,13,2024/7/16,郭超,pending
C1449,成都,宝马,28,2024/12/21,赵静,sold
C1450,宁波,长安,14.9,2024/3/13,吴涛,sold
C1451,杭州,宝马,72.8,2024/4/28,郭洋,sold
C1452,西安,长城,23,2024/3/15,吴涛,sold
C1453,成都,比亚迪,6.4,2024/7/5,唐静,pending
C1454,宁波,奥迪,66.8,2024/9/15,沈静,pending
C1455,沈阳,吉利,10.2,2024/12/2,赵超,sold
C1456,成都,吉利,10.6,2024/12/10,林芳,sold
C1457,天津,理想,40.4,2024/9/13,王娜,pending
C1458,宁波,小鹏,22.7,2024/8/29,孙伟,sold
C1459,青岛,奔驰,58,2024/4/20,唐丽,sold
C1460,重庆,本田,16.6,2024/7/28,吴颖,sold
C1461,杭州,特斯拉,39.5,2024/4/17,杨涛,sold
C1462,西安,吉利,14.6,2024/9/30,王芳,sold
C1463,沈阳,小鹏,24.8,2024/9/15,张敏,sold
C1464,天津,奥迪,43.9,2024/1/22,陈敏,pending
C1465,青岛,蔚来,46.8,2024/9/29,孙涛,sold
C1466,苏州,大众,20.3,2024/10/14,杨娜,sold
C1467,天津,丰田,41.1,2024/11/4,杨鹏,pending
C1468,北京,本田,15,2024/4/27,孙杰,sold
C1469,西安,蔚来,43.8,2024/2/25,周涛,sold
C1470,青岛,理想,38.4,2024/11/14,林敏,sold
C1471,上海,特斯拉,27.3,2024/5/13,郭鹏,sold
C1472,武汉,五菱,10.7,2024/5/12,刘丽,sold
C1473,重庆,小鹏,22.3,2024/5/20,郑颖,sold
C1474,青岛,理想,34.6,2024/12/30,陈宁,sold
C1475,重庆,蔚来,46.4,2024/8/1,杨鹏,sold
C1476,长沙,大众,15.6,2024/12/12,杨宁,sold
C1477,宁波,大众,15.3,2024/6/26,郑军,pending
C1478,深圳,理想,33.8,2024/9/9,孙涛,sold
C1479,长沙,五菱,5,2024/2/10,郑伟,sold
C1480,南京,特斯拉,35.4,2024/11/12,孙杰,sold
C1481,北京,宝马,68.8,2024/1/12,李军,pending
C1482,重庆,小鹏,32.8,2024/8/26,唐芳,sold
C1483,青岛,理想,34.8,2024/11/25,吴娜,pending
C1484,天津,五菱,9.4,2024/8/30,张杰,sold
C1485,天津,长安,12.5,2024/6/2,郭伟,sold
C1486,南京,比亚迪,11.9,2024/8/18,张洋,pending
C1487,长沙,本田,16.3,2024/4/21,沈颖,sold
C1488,昆明,丰田,14.7,2024/9/17,李杰,pending
C1489,武汉,奥迪,47.6,2024/7/28,郑芳,sold
C1490,武汉,大众,32.7,2024/3/5,刘丽,pending
C1491,昆明,小鹏,31.5,2024/1/5,郭芳,sold
C1492,广州,丰田,13.7,2024/3/26,王丽,sold
C1493,郑州,本田,24.6,2024/9/15,郑强,sold
C1494,北京,吉利,9.8,2024/7/12,孙芳,sold
C1495,西安,长城,23.8,2024/11/28,陈鹏,sold
C1496,天津,大众,18.1,2024/5/25,张宁,pending
C1497,广州,长城,16.2,2024/10/1,郑静,sold
C1498,昆明,五菱,11.8,2024/8/28,李敏,pending
C1499,重庆,长城,12,2024/12/29,陈敏,sold
C1500,天津,本田,25.3,2024/12/6,林芳,pending
C1501,西安,本田,16.6,2024/12/20,陈强,sold
C1502,杭州,比亚迪,28.7,2024/3/11,李娜,sold
C1503,杭州,奥迪,30.4,2024/3/17,王娜,sold
C1504,重庆,五菱,8.3,2024/4/13,杨芳,sold
C1505,长沙,本田,18.1,2024/12/14,陈鹏,sold
C1506,昆明,特斯拉,38.1,2024/6/29,王颖,pending
C1507,天津,大众,16.6,2024/7/19,沈颖,sold
C1508,郑州,长安,9.2,2024/8/11,王丽,sold
C1509,杭州,特斯拉,49.7,2024/12/12,林静,pending
C1510,郑州,本田,29.9,2024/8/2,郑超,pending
C1511,杭州,特斯拉,44.3,2024/12/13,赵杰,sold
C1512,长沙,奔驰,78.7,2024/10/20,陈军,sold
C1513,深圳,长城,15,2024/12/29,周芳,pending
C1514,沈阳,长城,23.7,2024/6/15,陈鹏,pending
C1515,成都,大众,16.3,2024/10/29,刘宁,sold
C1516,沈阳,奔驰,65.1,2024/11/25,陈涛,sold
C1517,郑州,奔驰,99.4,2024/11/10,孙娜,pending
C1518,苏州,大众,22,2024/9/4,沈鹏,pending
C1519,北京,奥迪,58.4,2024/12/13,张鹏,sold
C1520,北京,奥迪,73.6,2024/7/27,李军,pending
C1521,成都,小鹏,21.7,2024/8/7,李军,sold
C1522,沈阳,长城,18,2024/11/5,郭杰,pending
C1523,重庆,丰田,21.1,2024/2/24,陈强,sold
C1524,长沙,长城,15,2024/5/4,刘杰,sold
C1525,郑州,奔驰,59.4,2024/2/26,赵军,pending
C1526,沈阳,长安,12.9,2024/9/13,杨静,sold
C1527,武汉,蔚来,43.6,2024/7/15,郭涛,pending
C1528,成都,奔驰,78.2,2024/5/15,杨芳,pending
C1529,青岛,大众,28.1,2024/8/4,吴伟,sold
C1530,南京,丰田,26.9,2024/2/10,孙涛,sold
C1531,宁波,长安,17.1,2024/1/31,唐鹏,pending
C1532,深圳,比亚迪,7.2,2024/6/28,周丽,pending
C1533,宁波,长安,19.3,2024/7/18,郭娜,pending
C1534,青岛,理想,46.4,2024/11/20,孙鹏,sold
C1535,北京,奔驰,98.1,2024/11/11,陈伟,sold
C1536,成都,奥迪,44.4,2024/6/13,孙涛,sold
C1537,成都,比亚迪,24.9,2024/2/9,杨鹏,sold
C1538,深圳,蔚来,54.6,2024/10/23,郭伟,pending
C1539,青岛,本田,23,2024/9/6,陈娜,sold
C1540,宁波,小鹏,39.3,2024/11/27,赵涛,sold
C1541,长沙,吉利,15.7,2024/10/19,林鹏,sold
C1542,青岛,蔚来,33.3,2024/8/23,郑丽,sold
C1543,南京,蔚来,49.8,2024/1/20,唐涛,sold
C1544,武汉,本田,21.7,2024/8/31,周强,sold
C1545,天津,奔驰,98.4,2024/12/22,林涛,sold
C1546,青岛,长安,17.7,2024/10/28,张伟,sold
C1547,郑州,小鹏,23.5,2024/10/6,林颖,sold
C1548,长沙,五菱,6.4,2024/2/12,王娜,sold
C1549,深圳,特斯拉,35.9,2024/1/22,张丽,sold
C1550,上海,长安,17.5,2024/6/12,郑鹏,sold
C1551,上海,小鹏,26.4,2024/7/1,周芳,pending
C1552,苏州,长城,13.1,2024/5/17,李杰,sold
C1553,宁波,比亚迪,17.6,2024/12/14,吴娜,sold
C1554,天津,比亚迪,9.3,2024/8/3,赵强,sold
C1555,天津,理想,47.6,2024/5/16,林芳,sold
C1556,深圳,大众,12.9,2024/6/30,孙涛,pending
C1557,青岛,吉利,11.6,2024/11/25,李敏,sold
C1558,深圳,比亚迪,7.8,2024/12/26,杨敏,sold
C1559,成都,奔驰,30.8,2024/12/14,吴强,sold
C1560,长沙,小鹏,33.6,2024/9/15,周敏,sold
C1561,宁波,丰田,30.5,2024/2/24,张洋,sold
C1562,重庆,宝马,84.5,2024/12/14,刘杰,pending
C1563,宁波,特斯拉,25.4,2024/3/20,周鹏,sold
C1564,上海,长安,13.2,2024/5/12,沈军,pending
C1565,沈阳,长安,12,2024/11/15,郑涛,pending
C1566,西安,吉利,11,2024/7/11,刘强,sold
C1567,沈阳,小鹏,21.7,2024/10/26,孙伟,sold
C1568,成都,长安,14.2,2024/12/28,唐芳,sold
C1569,深圳,蔚来,35.2,2024/5/5,郭军,sold
C1570,杭州,本田,20.1,2024/7/9,赵军,sold
C1571,长沙,本田,12.7,2024/6/15,孙娜,sold
C1572,深圳,丰田,26.9,2024/4/1,林伟,sold
C1573,杭州,大众,24.4,2024/1/24,沈鹏,pending
C1574,苏州,五菱,3.4,2024/10/27,郑宁,sold
C1575,昆明,小鹏,27.6,2024/7/28,李杰,pending
C1576,深圳,五菱,7.8,2024/8/29,林军,sold
C1577,青岛,大众,14.4,2024/8/2,杨杰,pending
C1578,郑州,五菱,8.6,2024/10/27,刘敏,sold
C1579,武汉,小鹏,21,2024/12/25,林军,sold
C1580,南京,五菱,7.2,2024/11/3,唐丽,sold
C1581,长沙,宝马,83.6,2024/1/12,周颖,pending
C1582,上海,长安,13.5,2024/7/12,王静,pending
C1583,青岛,长城,14.2,2024/8/24,孙涛,sold
C1584,郑州,奥迪,60.6,2024/12/14,孙军,sold
C1585,长沙,本田,19.5,2024/7/27,张军,sold
C1586,南京,理想,30,2024/8/9,唐静,sold
C1587,杭州,小鹏,34.2,2024/12/15,沈伟,sold
C1588,西安,本田,20.9,2024/10/24,孙敏,sold
C1589,昆明,丰田,34.1,2024/11/22,杨洋,sold
C1590,天津,长安,11.5,2024/1/22,王娜,pending
C1591,广州,五菱,12,2024/7/11,陈静,sold
C1592,苏州,特斯拉,37.7,2024/7/2,陈敏,sold
C1593,青岛,五菱,3.5,2024/9/21,陈宁,sold
C1594,青岛,小鹏,22.9,2024/10/9,林宁,pending
C1595,昆明,长城,12,2024/3/3,吴静,sold
C1596,青岛,奥迪,75.6,2024/4/13,郑鹏,pending
C1597,长沙,奔驰,74.9,2024/7/1,杨超,pending
C1598,重庆,奔驰,45,2024/10/28,李芳,sold
C1599,郑州,长安,18.5,2024/10/31,周超,pending
C1600,成都,奥迪,42,2024/1/4,陈丽,pending
C1601,上海,比亚迪,13.5,2024/11/11,吴鹏,pending
C1602,长沙,吉利,10.4,2024/6/29,郭静,pending
C1603,武汉,长安,19.2,2024/4/15,周丽,pending
C1604,昆明,长城,15.4,2024/6/26,陈洋,pending
C1605,宁波,宝马,68.7,2024/12/22,李宁,sold
C1606,天津,五菱,4.7,2024/8/16,刘涛,sold
C1607,上海,蔚来,49.1,2024/3/28,吴敏,sold
C1608,昆明,大众,28.4,2024/11/20,陈静,sold
C1609,重庆,奔驰,40.3,2024/11/3,唐敏,sold
C1610,青岛,本田,30.6,2024/11/18,王宁,pending
C1611,武汉,理想,41.2,2024/3/15,张静,sold
C1612,北京,小鹏,16.8,2024/9/22,吴丽,sold
C1613,深圳,奔驰,78.6,2024/9/20,唐伟,sold
C1614,武汉,宝马,67.8,2024/12/18,沈伟,sold
C1615,成都,比亚迪,15.8,2024/7/19,吴颖,sold
C1616,杭州,小鹏,33.7,2024/12/7,孙涛,sold
C1617,武汉,宝马,29,2024/10/4,张宁,pending
C1618,深圳,比亚迪,21.1,2024/6/6,郭敏,sold
C1619,昆明,吉利,16.2,2024/5/19,林涛,sold
C1620,长沙,吉利,10.1,2024/11/11,李芳,pending
C1621,天津,宝马,67.9,2024/10/16,孙伟,sold
C1622,武汉,丰田,34.2,2024/5/10,唐鹏,sold
C1623,宁波,奔驰,48.1,2024/9/26,唐颖,sold
C1624,广州,理想,40.3,2024/2/7,周涛,sold
C1625,西安,比亚迪,18.5,2024/10/19,周伟,sold
C1626,上海,特斯拉,37.6,2024/2/22,吴颖,pending
C1627,深圳,奔驰,41.6,2024/5/14,李静,sold
C1628,沈阳,奥迪,67.9,2024/8/29,郭敏,sold
C1629,南京,奥迪,31.3,2024/11/28,赵伟,sold
C1630,郑州,吉利,18.6,2024/7/12,周鹏,sold
C1631,天津,长城,21.8,2024/3/11,赵丽,sold
C1632,成都,丰田,13,2024/7/4,郑涛,sold
C1633,杭州,大众,14.1,2024/10/4,刘宁,sold
C1634,天津,特斯拉,39,2024/3/8,周敏,sold
C1635,深圳,理想,41.4,2024/7/1,王超,pending
C1636,宁波,宝马,41.3,2024/11/29,孙敏,sold
C1637,北京,五菱,10.2,2024/8/28,杨静,sold
C1638,郑州,奥迪,68.2,2024/10/9,唐敏,sold
C1639,武汉,比亚迪,6.8,2024/9/14,刘伟,pending
C1640,天津,丰田,25.2,2024/10/28,孙娜,pending
C1641,杭州,奔驰,40.2,2024/7/13,刘丽,sold
C1642,西安,蔚来,40.1,2024/12/16,郭鹏,sold
C1643,广州,宝马,39.6,2024/1/5,陈颖,sold
C1644,北京,大众,23.8,2024/11/19,王丽,sold
C1645,成都,宝马,82.6,2024/10/20,杨宁,pending
C1646,南京,小鹏,24,2024/12/14,林洋,sold
C1647,长沙,奥迪,34,2024/5/19,赵洋,sold
C1648,沈阳,长安,19.9,2024/2/9,孙颖,pending
C1649,武汉,奥迪,50.6,2024/7/21,郑军,pending
C1650,上海,蔚来,44.9,2024/3/3,郭敏,pending
C1651,北京,丰田,34.2,2024/2/15,唐芳,sold
C1652,南京,奔驰,37.1,2024/2/27,孙颖,sold
C1653,长沙,比亚迪,21.6,2024/2/17,张敏,sold
C1654,青岛,蔚来,48.6,2024/10/16,唐强,sold
C1655,天津,丰田,23.4,2024/7/26,刘鹏,sold
C1656,深圳,蔚来,35.2,2024/8/13,赵军,pending
C1657,郑州,五菱,7.8,2024/4/16,孙静,pending
C1658,杭州,大众,23.8,2024/12/4,陈洋,sold
C1659,沈阳,吉利,12.4,2024/5/2,李杰,sold
C1660,成都,比亚迪,9.7,2024/10/7,李洋,sold
C1661,长沙,小鹏,27.5,2024/11/16,刘颖,sold
C1662,杭州,长安,15.7,2024/4/7,王宁,sold
C1663,苏州,大众,23,2024/1/21,郭洋,sold
C1664,苏州,小鹏,26.5,2024/8/10,陈超,sold
C1665,南京,理想,38.5,2024/9/30,刘杰,sold
C1666,上海,大众,21.9,2024/2/19,林洋,sold
C1667,昆明,本田,25.3,2024/10/3,陈涛,sold
C1668,杭州,大众,12.8,2024/7/30,陈超,sold
C1669,青岛,长安,20.2,2024/2/25,陈静,pending
C1670,苏州,长城,10.8,2024/4/15,郑静,pending
C1671,成都,五菱,6.4,2024/10/3,林宁,sold
C1672,长沙,五菱,11.3,2024/9/16,张涛,sold
C1673,广州,比亚迪,31.4,2024/1/27,吴颖,pending
C1674,天津,比亚迪,29.6,2024/7/4,吴杰,sold
C1675,天津,理想,45.2,2024/1/14,唐涛,sold
C1676,深圳,本田,14,2024/7/13,周静,pending
C1677,上海,大众,17.4,2024/7/27,杨宁,pending
C1678,昆明,本田,23.7,2024/7/27,孙颖,sold
C1679,苏州,比亚迪,25.3,2024/8/8,陈敏,sold
C1680,沈阳,大众,13.8,2024/3/26,刘鹏,sold
C1681,成都,蔚来,48.4,2024/2/3,沈敏,sold
C1682,长沙,长城,18.9,2024/7/23,周军,sold
C1683,西安,吉利,19.3,2024/10/28,刘宁,sold
C1684,重庆,奥迪,54,2024/6/12,林芳,sold
C1685,杭州,蔚来,37.9,2024/7/28,李杰,pending
C1686,南京,五菱,11.9,2024/1/31,王杰,sold
C1687,南京,大众,29.4,2024/7/30,孙丽,sold
C1688,青岛,大众,27.3,2024/2/27,李伟,pending
C1689,重庆,大众,10.9,2024/1/29,李娜,pending
C1690,深圳,宝马,36.5,2024/1/24,吴洋,pending
C1691,沈阳,特斯拉,34.9,2024/3/9,吴强,sold
C1692,杭州,长城,13.9,2024/12/14,李伟,sold
C1693,苏州,长安,9.3,2024/8/18,刘鹏,pending
C1694,北京,特斯拉,37.8,2024/11/29,郭杰,sold
C1695,武汉,大众,24.3,2024/2/15,杨强,pending
C1696,重庆,长城,18.6,2024/11/18,吴涛,sold
C1697,青岛,奔驰,65,2024/9/12,王涛,sold
C1698,杭州,丰田,33.8,2024/8/6,孙超,sold
C1699,杭州,奥迪,36.1,2024/10/27,孙杰,sold
C1700,苏州,长城,22.9,2024/4/18,李娜,pending
C1701,成都,比亚迪,28.6,2024/11/20,郭超,sold
C1702,重庆,小鹏,29.8,2024/5/25,吴娜,sold
C1703,深圳,比亚迪,25.5,2024/3/16,陈娜,pending
C1704,宁波,长安,17.1,2024/3/18,杨丽,sold
C1705,长沙,本田,25.7,2024/9/3,林丽,sold
C1706,重庆,宝马,53.4,2024/11/23,林洋,pending
C1707,长沙,奥迪,33,2024/10/29,吴敏,pending
C1708,北京,本田,20.1,2024/10/25,吴洋,sold
C1709,沈阳,奔驰,66.6,2024/11/19,吴芳,sold
C1710,天津,本田,11.8,2024/5/24,李强,sold
C1711,长沙,吉利,8.4,2024/9/2,唐军,sold
C1712,重庆,大众,18.5,2024/9/30,郭军,pending
C1713,重庆,奔驰,88.6,2024/6/23,杨超,sold
C1714,武汉,特斯拉,37.4,2024/9/15,陈强,sold
C1715,天津,本田,27.9,2024/8/18,刘颖,sold
C1716,西安,小鹏,32.8,2024/2/12,陈涛,sold
C1717,青岛,蔚来,37.3,2024/10/13,张丽,sold
C1718,杭州,理想,35.9,2024/1/5,郑宁,sold
C1719,广州,比亚迪,19.5,2024/3/8,唐丽,sold
C1720,重庆,丰田,30.1,2024/2/16,杨杰,sold
C1721,长沙,长城,24,2024/10/6,杨娜,sold
C1722,郑州,长安,20.7,2024/4/7,周军,pending
C1723,昆明,奔驰,35.4,2024/2/17,张芳,sold
C1724,重庆,本田,12,2024/8/6,赵杰,sold
C1725,青岛,五菱,9.6,2024/6/18,林芳,sold
C1726,青岛,理想,46.8,2024/12/14,沈军,sold
C1727,北京,奔驰,58.5,2024/1/12,唐颖,sold
C1728,昆明,五菱,11.2,2024/4/21,李洋,sold
C1729,昆明,理想,31.4,2024/6/12,孙超,sold
C1730,成都,理想,48.8,2024/5/29,赵娜,pending
C1731,武汉,五菱,5.1,2024/5/10,孙鹏,sold
C1732,北京,吉利,18.9,2024/8/2,吴洋,sold
C1733,苏州,理想,39.7,2024/5/27,郑敏,sold
C1734,杭州,长安,11.3,2024/9/14,周鹏,pending
C1735,深圳,宝马,74,2024/2/22,杨宁,sold
C1736,北京,大众,25.3,2024/12/18,刘静,sold
C1737,宁波,蔚来,49.8,2024/5/7,周宁,sold
C1738,长沙,奔驰,76.8,2024/1/29,沈敏,pending
C1739,深圳,奔驰,67.4,2024/5/5,王杰,pending
C1740,北京,吉利,20.7,2024/12/30,唐敏,pending
C1741,成都,小鹏,19.7,2024/7/4,吴鹏,sold
C1742,武汉,宝马,88.4,2024/9/13,孙涛,pending
C1743,上海,本田,17.4,2024/3/20,孙洋,pending
C1744,长沙,蔚来,44.7,2024/6/18,唐娜,pending
C1745,宁波,蔚来,30,2024/6/9,杨涛,sold
C1746,西安,比亚迪,12.7,2024/12/15,林超,pending
C1747,深圳,宝马,49.8,2024/6/29,郑伟,sold
C1748,重庆,奔驰,44.2,2024/5/31,唐杰,sold
C1749,杭州,奔驰,101.7,2024/10/8,杨超,pending
C1750,苏州,奥迪,35.6,2024/6/14,陈宁,sold
C1751,苏州,理想,40,2024/5/3,陈强,sold
C1752,深圳,长城,15.9,2024/9/25,孙超,sold
C1753,苏州,丰田,29.4,2024/11/26,陈敏,sold
C1754,广州,宝马,50.2,2024/10/16,吴宁,sold
C1755,青岛,特斯拉,50.4,2024/7/1,陈涛,pending
C1756,深圳,特斯拉,40.6,2024/11/1,郑宁,pending
C1757,上海,宝马,54.8,2024/7/3,李颖,sold
C1758,郑州,吉利,20.4,2024/8/10,郑鹏,pending
C1759,广州,比亚迪,25.8,2024/9/19,刘杰,sold
C1760,广州,蔚来,51.3,2024/8/24,杨敏,pending
C1761,宁波,本田,15.2,2024/3/4,赵杰,pending
C1762,深圳,奥迪,31.8,2024/8/16,刘强,pending
C1763,长沙,宝马,38.6,2024/11/1,陈洋,pending
C1764,郑州,本田,29.5,2024/6/16,刘芳,pending
C1765,北京,长城,10.5,2024/8/18,郑敏,sold
C1766,广州,理想,36.3,2024/10/23,陈强,pending
C1767,成都,蔚来,35.7,2024/9/13,林颖,sold
C1768,长沙,宝马,37.1,2024/3/18,唐超,sold
C1769,昆明,丰田,25.5,2024/7/4,林宁,pending
C1770,沈阳,本田,22.8,2024/10/20,唐超,sold
C1771,重庆,本田,22,2024/8/4,赵鹏,sold
C1772,南京,长城,15.1,2024/9/6,孙静,sold
C1773,成都,奥迪,61.5,2024/6/11,唐军,sold
C1774,长沙,丰田,15.1,2024/4/30,赵敏,pending
C1775,北京,奥迪,27.5,2024/1/9,郑颖,sold
C1776,深圳,本田,18.3,2024/3/13,赵敏,pending
C1777,上海,理想,38.5,2024/12/8,郭洋,sold
C1778,宁波,五菱,10.8,2024/3/24,刘敏,sold
C1779,郑州,奥迪,59.2,2024/7/16,陈涛,sold
C1780,北京,宝马,63.2,2024/11/16,赵颖,sold
C1781,郑州,蔚来,31.5,2024/8/25,林娜,sold
C1782,昆明,蔚来,43.3,2024/6/2,王静,pending
C1783,重庆,本田,25.7,2024/6/2,王芳,sold
C1784,广州,奥迪,57,2024/7/23,孙洋,sold
C1785,苏州,奔驰,34.7,2024/3/4,沈娜,pending
C1786,重庆,宝马,33.5,2024/10/22,孙涛,sold
C1787,成都,长安,14.6,2024/2/17,陈丽,sold
C1788,苏州,蔚来,50.2,2024/4/10,孙杰,sold
C1789,上海,比亚迪,11.2,2024/4/13,李芳,sold
C1790,沈阳,蔚来,40.6,2024/5/31,刘敏,sold
C1791,重庆,蔚来,42,2024/9/5,郑鹏,sold
C1792,青岛,奥迪,58.7,2024/8/4,唐颖,sold
C1793,长沙,吉利,13,2024/8/4,陈军,sold
C1794,长沙,特斯拉,42,2024/1/21,王娜,sold
C1795,深圳,丰田,13.5,2024/3/1,郑芳,sold
C1796,武汉,蔚来,41.7,2024/12/17,吴强,pending
C1797,天津,特斯拉,28.3,2024/11/8,郑敏,sold
C1798,南京,吉利,9.3,2024/2/8,王军,sold
C1799,武汉,理想,34.9,2024/5/23,沈颖,sold
C1800,成都,丰田,22.6,2024/5/28,林丽,sold
C1801,天津,本田,18.6,2024/6/20,周鹏,sold
C1802,深圳,理想,35.8,2024/10/18,孙芳,sold
C1803,昆明,小鹏,35.6,2024/12/19,吴敏,pending
C1804,长沙,奥迪,69.4,2024/10/5,周涛,sold
C1805,西安,本田,32.6,2024/5/20,孙鹏,pending
C1806,宁波,特斯拉,45.9,2024/1/6,吴洋,pending
C1807,杭州,宝马,32.9,2024/10/23,林杰,sold
C1808,重庆,宝马,52,2024/2/9,周洋,sold
C1809,武汉,吉利,18.4,2024/10/8,周宁,sold
C1810,北京,奥迪,51.4,2024/10/16,郭鹏,pending
C1811,沈阳,长安,17.6,2024/8/9,张静,pending
C1812,郑州,长安,11.4,2024/11/27,周丽,sold
C1813,南京,本田,14.1,2024/9/18,赵伟,pending
C1814,宁波,大众,13.6,2024/9/16,郭丽,sold
C1815,广州,长安,8.4,2024/2/10,李超,sold
C1816,北京,理想,48.5,2024/12/29,李军,pending
C1817,长沙,小鹏,39.1,2024/8/3,杨洋,sold
C1818,武汉,吉利,10.7,2024/3/20,杨丽,sold
C1819,长沙,吉利,8.7,2024/10/9,郭静,sold
C1820,宁波,宝马,58.9,2024/9/17,王强,sold
C1821,沈阳,大众,31.6,2024/9/5,陈洋,pending
C1822,北京,奔驰,58.4,2024/9/19,周洋,sold
C1823,重庆,五菱,10.7,2024/7/10,杨静,pending
C1824,长沙,五菱,7.4,2024/10/8,李鹏,sold
C1825,苏州,蔚来,46.9,2024/6/18,吴静,sold
C1826,广州,五菱,9.4,2024/6/24,王娜,sold
C1827,苏州,长城,23.6,2024/9/13,张洋,pending
C1828,广州,奔驰,72,2024/10/29,陈伟,sold
C1829,深圳,大众,17.5,2024/5/15,杨芳,sold
C1830,青岛,宝马,45.6,2024/7/7,杨杰,sold
C1831,南京,奥迪,40.6,2024/10/6,李杰,sold
C1832,武汉,五菱,11.4,2024/4/21,杨鹏,sold
C1833,西安,长安,18.5,2024/7/1,张娜,pending
C1834,苏州,五菱,4.5,2024/10/4,李洋,sold
C1835,天津,蔚来,40.7,2024/9/1,张娜,sold
C1836,武汉,蔚来,62.8,2024/5/23,唐军,pending
C1837,昆明,宝马,31.6,2024/12/9,陈军,sold
C1838,昆明,吉利,21.4,2024/11/24,沈静,pending
C1839,天津,理想,39.2,2024/9/1,吴敏,sold
C1840,沈阳,五菱,11.5,2024/4/26,王超,sold
C1841,青岛,理想,29.4,2024/3/11,刘涛,sold
C1842,成都,比亚迪,16.8,2024/12/27,林洋,sold
C1843,武汉,特斯拉,37.5,2024/8/30,王强,sold
C1844,北京,宝马,46.6,2024/3/30,吴洋,sold
C1845,南京,蔚来,37.1,2024/12/25,陈丽,sold
C1846,重庆,蔚来,38.8,2024/10/19,郑洋,sold
C1847,成都,小鹏,15.7,2024/7/4,王军,sold
C1848,武汉,奔驰,47.9,2024/8/16,周敏,sold
C1849,重庆,丰田,41.4,2024/7/12,刘丽,pending
C1850,郑州,丰田,29.5,2024/7/21,郑宁,pending
C1851,杭州,大众,19.1,2024/4/8,沈芳,sold
C1852,北京,理想,38.9,2024/7/23,王鹏,pending
C1853,青岛,奔驰,59.1,2024/5/15,李涛,sold
C1854,苏州,五菱,11.6,2024/8/25,杨静,pending
C1855,深圳,五菱,11.6,2024/4/4,孙伟,sold
C1856,沈阳,长城,23.9,2024/11/23,陈涛,sold
C1857,成都,五菱,13.1,2024/7/27,吴杰,pending
C1858,苏州,奔驰,102.7,2024/7/20,唐伟,pending
C1859,长沙,特斯拉,43.6,2024/4/20,王军,sold
C1860,武汉,丰田,30,2024/7/9,杨丽,pending
C1861,昆明,长城,17.6,2024/4/6,郑鹏,sold
C1862,南京,奥迪,25.2,2024/4/25,刘颖,sold
C1863,杭州,宝马,47,2024/1/17,吴鹏,sold
C1864,深圳,特斯拉,28.9,2024/3/20,杨娜,pending
C1865,广州,奥迪,63.4,2024/5/16,王芳,pending
C1866,昆明,大众,29.1,2024/1/13,王鹏,sold
C1867,郑州,长安,13.7,2024/7/20,沈芳,sold
C1868,南京,比亚迪,19.2,2024/7/24,郭涛,pending
C1869,郑州,长安,7.6,2024/2/27,唐静,sold
C1870,西安,本田,13.2,2024/6/14,李杰,pending
C1871,深圳,大众,26.3,2024/12/28,沈鹏,sold
C1872,南京,长城,24.5,2024/10/7,郭伟,sold
C1873,青岛,丰田,19.8,2024/10/21,吴伟,pending
C1874,成都,本田,17.9,2024/7/25,赵洋,sold
C1875,武汉,大众,27.9,2024/6/24,周宁,pending
C1876,宁波,特斯拉,51.5,2024/8/15,郑涛,pending
C1877,苏州,大众,23.7,2024/10/8,周宁,sold
C1878,青岛,蔚来,50,2024/5/28,沈芳,pending
C1879,南京,蔚来,39,2024/7/30,唐鹏,sold
C1880,昆明,宝马,61.6,2024/9/29,杨宁,pending
C1881,深圳,宝马,71.2,2024/10/19,周静,sold
C1882,北京,长城,16.4,2024/1/15,王丽,sold
C1883,昆明,奥迪,60.2,2024/7/21,吴杰,sold
C1884,成都,奥迪,45.2,2024/7/5,赵敏,sold
C1885,武汉,蔚来,50.9,2024/4/27,沈娜,sold
C1886,广州,理想,28.5,2024/10/24,李伟,sold
C1887,长沙,本田,18.7,2024/3/14,唐强,pending
C1888,宁波,大众,23.4,2024/4/20,唐娜,sold
C1889,上海,宝马,68.5,2024/8/20,吴敏,sold
C1890,上海,奥迪,54,2024/5/15,郭颖,sold
C1891,昆明,长城,22.9,2024/1/1,沈伟,pending
C1892,武汉,比亚迪,25.6,2024/7/17,赵宁,sold
C1893,北京,理想,41,2024/10/12,郑鹏,sold
C1894,广州,大众,19.9,2024/9/7,赵洋,sold
C1895,长沙,大众,11,2024/6/14,孙超,sold
C1896,长沙,比亚迪,17,2024/3/21,王颖,pending
C1897,武汉,丰田,26.2,2024/11/17,刘强,sold
C1898,北京,理想,37.6,2024/5/5,吴敏,sold
C1899,宁波,长城,11.7,2024/3/23,赵芳,sold
C1900,昆明,丰田,16,2024/12/29,吴超,sold
C1901,杭州,大众,18.5,2024/12/6,林强,sold
C1902,成都,理想,46.8,2024/2/19,陈颖,sold
C1903,长沙,理想,39.5,2024/10/17,林强,sold
C1904,长沙,五菱,7.7,2024/8/24,唐伟,sold
C1905,武汉,理想,42.2,2024/9/29,孙敏,sold
C1906,沈阳,长安,12.1,2024/11/20,孙静,sold
C1907,长沙,理想,30.4,2024/2/17,吴鹏,sold
C1908,上海,小鹏,39.3,2024/3/5,张超,sold
C1909,青岛,奔驰,36.4,2024/10/16,孙超,sold
C1910,西安,比亚迪,24.2,2024/11/19,林敏,sold
C1911,青岛,长城,18.3,2024/10/7,周超,pending
C1912,杭州,奥迪,39.3,2024/12/17,周敏,pending
C1913,上海,丰田,28.9,2024/8/12,陈静,sold
C1914,郑州,蔚来,38.6,2024/7/10,李超,pending
C1915,西安,吉利,19.1,2024/8/19,陈敏,sold
C1916,沈阳,长安,10.2,2024/9/2,刘敏,sold
C1917,武汉,蔚来,37.4,2024/1/6,赵敏,pending
C1918,深圳,奔驰,81.1,2024/11/15,郑伟,sold
C1919,青岛,小鹏,35.7,2024/11/26,刘鹏,sold
C1920,成都,丰田,31,2024/9/21,吴超,pending
C1921,北京,宝马,78.8,2024/5/24,吴敏,sold
C1922,广州,蔚来,55.3,2024/9/8,林娜,pending
C1923,长沙,宝马,49,2024/3/5,郭军,pending
C1924,南京,奔驰,62.4,2024/10/29,陈芳,sold
C1925,成都,理想,41.6,2024/2/27,林杰,sold
C1926,南京,小鹏,24.8,2024/9/8,王涛,pending
C1927,宁波,五菱,9.4,2024/9/8,赵杰,sold
C1928,成都,比亚迪,7,2024/3/10,林宁,sold
C1929,昆明,长安,15.2,2024/3/1,郑芳,sold
C1930,西安,比亚迪,11.3,2024/8/3,周静,pending
C1931,苏州,宝马,28.7,2024/7/5,郭宁,sold
C1932,杭州,长城,25.2,2024/5/10,王涛,pending
C1933,南京,蔚来,43.6,2024/3/18,赵涛,pending
C1934,北京,理想,38.4,2024/12/8,陈娜,sold
C1935,武汉,特斯拉,26.2,2024/4/11,沈丽,sold
C1936,杭州,理想,46.1,2024/3/11,周超,sold
C1937,昆明,蔚来,49.6,2024/9/1,赵颖,pending
C1938,沈阳,宝马,66.2,2024/12/11,杨敏,sold
C1939,西安,五菱,9.4,2024/1/8,赵伟,sold
C1940,西安,长城,20.1,2024/11/16,郭超,sold
C1941,沈阳,五菱,7.7,2024/6/5,郑杰,pending
C1942,成都,本田,27.4,2024/5/19,沈强,sold
C1943,成都,大众,14,2024/10/9,吴强,sold
C1944,杭州,特斯拉,38.9,2024/4/23,杨强,sold
C1945,长沙,蔚来,39.4,2024/11/14,孙涛,sold
C1946,杭州,小鹏,23,2024/11/3,郑丽,pending
C1947,重庆,比亚迪,8.2,2024/5/18,陈娜,pending
C1948,苏州,大众,23.9,2024/6/13,郭涛,pending
C1949,昆明,宝马,73.6,2024/10/18,郭敏,pending
C1950,杭州,奥迪,60.7,2024/9/15,李敏,sold
C1951,成都,奔驰,76.2,2024/6/23,唐静,sold
C1952,西安,长安,13.1,2024/5/30,王鹏,sold
C1953,青岛,奔驰,78.9,2024/4/30,王强,sold
C1954,苏州,长城,17.7,2024/7/12,周杰,sold
C1955,杭州,大众,17.3,2024/5/22,李军,pending
C1956,宁波,奥迪,37.6,2024/10/8,孙静,sold
C1957,宁波,小鹏,25.6,2024/10/29,吴杰,sold
C1958,长沙,理想,45.7,2024/7/17,王鹏,sold
C1959,重庆,奔驰,80.7,2024/2/2,周敏,sold
C1960,广州,五菱,11.6,2024/6/15,孙丽,pending
C1961,西安,奔驰,44.6,2024/5/22,沈杰,sold
C1962,南京,长安,8.1,2024/8/3,李超,sold
C1963,杭州,小鹏,37.4,2024/7/15,郑芳,pending
C1964,苏州,奔驰,89.6,2024/4/9,张敏,sold
C1965,武汉,本田,21.3,2024/5/1,郭鹏,pending
C1966,长沙,特斯拉,37.9,2024/6/16,周静,sold
C1967,昆明,五菱,9.5,2024/9/4,赵娜,sold
C1968,天津,宝马,26.7,2024/11/20,唐洋,sold
C1969,成都,五菱,7.4,2024/2/28,林杰,pending
C1970,成都,丰田,36.1,2024/12/1,周强,pending
C1971,昆明,宝马,60.6,2024/1/27,吴超,sold
C1972,广州,理想,31.5,2024/6/4,林敏,sold
C1973,西安,丰田,29.1,2024/9/28,沈涛,sold
C1974,广州,丰田,30.5,2024/7/10,赵静,pending
C1975,苏州,长城,17.9,2024/3/5,陈芳,sold
C1976,宁波,五菱,8.1,2024/7/5,林超,pending
C1977,武汉,奔驰,94.1,2024/7/8,郭军,sold
C1978,南京,本田,14.7,2024/8/15,陈超,sold
C1979,重庆,比亚迪,11.1,2024/1/6,沈芳,sold
C1980,长沙,长城,24.1,2024/4/29,赵强,sold
C1981,长沙,特斯拉,31.4,2024/6/2,刘洋,sold
C1982,杭州,奥迪,49.1,2024/3/21,杨伟,sold
C1983,天津,特斯拉,36.2,2024/3/30,张宁,sold
C1984,沈阳,吉利,17.5,2024/5/24,陈杰,pending
C1985,北京,奥迪,54.6,2024/10/31,郑颖,sold
C1986,杭州,大众,22.5,2024/12/11,王杰,sold
C1987,沈阳,小鹏,41,2024/12/21,郑超,pending
C1988,深圳,小鹏,17.5,2024/6/7,赵鹏,sold
C1989,天津,理想,51.7,2024/6/8,张芳,pending
C1990,昆明,宝马,83.8,2024/4/20,周芳,pending
C1991,南京,奥迪,39.7,2024/1/7,赵宁,sold
C1992,天津,小鹏,32,2024/10/26,刘涛,sold
C1993,杭州,比亚迪,24.3,2024/3/12,唐强,pending
C1994,宁波,五菱,8.7,2024/9/17,郭超,sold
C1995,广州,长城,14.1,2024/11/15,郑杰,pending
C1996,深圳,大众,22.3,2024/5/19,杨强,sold
C1997,长沙,理想,28.2,2024/8/12,沈超,sold
C1998,苏州,本田,26.1,2024/9/2,赵娜,sold
C1999,成都,蔚来,52.4,2024/7/24,郑伟,pending
C2000,宁波,长安,12.9,2024/1/23,林芳,pending
