省份,城市,日期,地区,白天天气,白天风力,白天气温,夜间天气,夜间风力,夜间气温
北京,北京,周日(11月2日),hb,晴,南风<3级,13,晴,南风<3级,1
北京,海淀,周日(11月2日),hb,晴,南风<3级,14,晴,北风<3级,0
北京,朝阳,周日(11月2日),hb,晴,南风<3级,14,晴,南风<3级,1
北京,顺义,周日(11月2日),hb,晴,南风<3级,14,晴,东风<3级,0
北京,怀柔,周日(11月2日),hb,晴,南风<3级,13,晴,东南风<3级,0
北京,通州,周日(11月2日),hb,晴,南风<3级,13,晴,南风<3级,0
北京,昌平,周日(11月2日),hb,晴,南风<3级,13,晴,东北风<3级,0
北京,延庆,周日(11月2日),hb,晴,东南风<3级,11,晴,东风<3级,-2
北京,丰台,周日(11月2日),hb,晴,南风<3级,14,晴,南风<3级,1
北京,石景山,周日(11月2日),hb,晴,南风<3级,14,晴,西南风<3级,0
北京,大兴,周日(11月2日),hb,晴,西南风<3级,13,晴,西南风<3级,0
北京,房山,周日(11月2日),hb,晴,南风<3级,13,晴,南风<3级,0
北京,密云,周日(11月2日),hb,晴,东北风<3级,14,晴,东南风<3级,-1
北京,门头沟,周日(11月2日),hb,晴,南风<3级,13,晴,南风<3级,2
北京,平谷,周日(11月2日),hb,晴,北风<3级,13,晴,东风<3级,-2
北京,东城,周日(11月2日),hb,晴,南风<3级,14,晴,南风<3级,1
北京,西城,周日(11月2日),hb,晴,南风<3级,14,晴,北风<3级,0
天津,天津,周日(11月2日),hb,晴,东南风3-4级,13,晴,南风<3级,4
天津,武清,周日(11月2日),hb,晴,南风3-4级,13,晴,南风<3级,3
天津,宝坻,周日(11月2日),hb,晴,南风3-4级,13,晴,南风<3级,1
天津,东丽,周日(11月2日),hb,晴,东南风3-4级,12,晴,南风<3级,4
天津,西青,周日(11月2日),hb,晴,南风3-4级,13,晴,南风<3级,3
天津,北辰,周日(11月2日),hb,晴,北风3-4级,13,晴,南风<3级,3
天津,宁河,周日(11月2日),hb,晴,南风3-4级,12,晴,西南风<3级,3
天津,和平,周日(11月2日),hb,晴,东南风3-4级,13,晴,南风<3级,4
天津,静海,周日(11月2日),hb,晴,北风3-4级,12,晴,南风<3级,3
天津,津南,周日(11月2日),hb,晴,东南风3-4级,12,晴,南风<3级,3
天津,滨海新区,周日(11月2日),hb,晴,南风3-4级,12,晴,西南风<3级,4
天津,河东,周日(11月2日),hb,晴,东南风3-4级,13,晴,南风<3级,4
天津,河西,周日(11月2日),hb,晴,东南风3-4级,13,晴,南风<3级,4
天津,蓟州,周日(11月2日),hb,晴,南风3-4级,12,晴,东风<3级,0
天津,南开,周日(11月2日),hb,晴,东南风3-4级,13,晴,南风<3级,4
天津,河北,周日(11月2日),hb,晴,东南风3-4级,13,晴,南风<3级,4
天津,红桥,周日(11月2日),hb,晴,东南风3-4级,13,晴,南风<3级,4
河北,石家庄,周日(11月2日),hb,晴,东南风<3级,15,晴,东南风<3级,3
河北,保定,周日(11月2日),hb,晴,南风<3级,13,晴,南风<3级,0
河北,张家口,周日(11月2日),hb,晴,西风<3级,9,晴,东风<3级,-1
河北,承德,周日(11月2日),hb,晴,西北风<3级,11,晴,东北风<3级,-2
河北,唐山,周日(11月2日),hb,晴,北风<3级,11,晴,西北风<3级,2
河北,廊坊,周日(11月2日),hb,晴,西风<3级,13,晴,南风<3级,2
河北,沧州,周日(11月2日),hb,晴,东北风<3级,13,晴,南风<3级,0
河北,衡水,周日(11月2日),hb,晴,东风<3级,13,晴,东南风<3级,3
河北,邢台,周日(11月2日),hb,晴,东南风<3级,13,晴,西南风<3级,5
河北,邯郸,周日(11月2日),hb,晴,东北风<3级,14,晴,南风<3级,6
河北,秦皇岛,周日(11月2日),hb,晴,西北风<3级,11,晴,北风<3级,0
河北,雄安新区,周日(11月2日),hb,晴,南风<3级,13,晴,南风<3级,0
山西,太原,周日(11月2日),hb,晴,南风<3级,14,晴,东风<3级,0
山西,大同,周日(11月2日),hb,晴,西南风<3级,10,晴,南风<3级,-5
山西,阳泉,周日(11月2日),hb,晴,东风<3级,13,晴,北风<3级,0
山西,晋中,周日(11月2日),hb,晴,西南风<3级,14,晴,东风<3级,1
山西,长治,周日(11月2日),hb,晴,南风<3级,13,晴,南风<3级,2
山西,晋城,周日(11月2日),hb,晴,东南风<3级,13,晴,东南风<3级,2
山西,临汾,周日(11月2日),hb,晴,南风<3级,17,多云,北风<3级,5
山西,运城,周日(11月2日),hb,多云,东南风<3级,18,多云,东风<3级,6
山西,朔州,周日(11月2日),hb,晴,东南风<3级,11,晴,西风<3级,-2
山西,忻州,周日(11月2日),hb,晴,西风<3级,13,晴,东北风<3级,-1
山西,吕梁,周日(11月2日),hb,晴,西风<3级,15,晴,东风<3级,1
内蒙古,呼和浩特,周日(11月2日),hb,晴,北风3-4级,11,晴,东北风3-4级,-1
内蒙古,包头,周日(11月2日),hb,晴,东风<3级,13,晴,东风<3级,-4
内蒙古,乌海,周日(11月2日),hb,晴,西南风<3级,16,晴,南风<3级,-1
内蒙古,乌兰察布,周日(11月2日),hb,晴,西风3-4级,10,晴,西南风4-5级,-3
内蒙古,通辽,周日(11月2日),hb,晴,北风3-4级,4,晴,南风3-4级,-4
内蒙古,赤峰,周日(11月2日),hb,晴,北风3-4级,7,晴,西南风3-4级,-3
内蒙古,鄂尔多斯,周日(11月2日),hb,晴,西南风<3级,11,晴,西南风<3级,0
内蒙古,巴彦淖尔,周日(11月2日),hb,晴,西南风<3级,14,晴,西南风<3级,-2
内蒙古,锡林郭勒,周日(11月2日),hb,晴,西风4-5级,6,晴,西南风4-5级,-8
内蒙古,呼伦贝尔,周日(11月2日),hb,晴,南风3-4级,0,晴,南风4-5级,-11
内蒙古,兴安盟,周日(11月2日),hb,晴,北风3-4级,3,晴,南风3-4级,-5
内蒙古,阿拉善盟,周日(11月2日),hb,晴,东南风3-4级,14,晴,东风3-4级,1
黑龙江,哈尔滨,周日(11月2日),db,雨夹雪,西北风3-4级,4,晴,南风<3级,-8
黑龙江,齐齐哈尔,周日(11月2日),db,晴,北风3-4级,2,晴,南风3-4级,-5
黑龙江,牡丹江,周日(11月2日),db,雨夹雪,西风<3级,3,多云,西南风<3级,-4
黑龙江,佳木斯,周日(11月2日),db,晴,北风3-4级,4,晴,西南风<3级,-6
黑龙江,绥化,周日(11月2日),db,晴,东北风<3级,2,晴,南风<3级,-9
黑龙江,黑河,周日(11月2日),db,晴,西北风3-4级,-4,晴,南风3-4级,-12
黑龙江,大兴安岭,周日(11月2日),db,晴,西风<3级,-2,晴,南风<3级,-17
黑龙江,伊春,周日(11月2日),db,多云,西北风<3级,2,晴,西南风<3级,-11
黑龙江,大庆,周日(11月2日),db,晴,北风3-4级,2,晴,南风3-4级,-5
黑龙江,七台河,周日(11月2日),db,多云,西北风3-4级,3,晴,西风3-4级,-6
黑龙江,鸡西,周日(11月2日),db,多云,西北风3-4级,3,晴,西风3-4级,-4
黑龙江,鹤岗,周日(11月2日),db,晴,北风<3级,4,晴,西南风<3级,-9
黑龙江,双鸭山,周日(11月2日),db,晴,西风3-4级,3,晴,西南风<3级,-5
吉林,长春,周日(11月2日),db,多云,西北风<3级,1,晴,南风<3级,-5
吉林,吉林,周日(11月2日),db,雨夹雪,西北风<3级,2,多云,南风<3级,-4
吉林,延边,周日(11月2日),db,小雪,西北风4-5级,4,多云,西风<3级,-3
吉林,四平,周日(11月2日),db,晴,西北风<3级,4,晴,南风<3级,-5
吉林,通化,周日(11月2日),db,多云,北风<3级,0,晴,北风<3级,-7
吉林,白城,周日(11月2日),db,晴,北风<3级,4,晴,南风<3级,-5
吉林,辽源,周日(11月2日),db,多云,西北风<3级,2,晴,南风<3级,-5
吉林,松原,周日(11月2日),db,晴,西北风<3级,4,晴,西南风<3级,-4
吉林,白山,周日(11月2日),db,多云,西北风<3级,1,多云,东北风<3级,-9
辽宁,沈阳,周日(11月2日),db,晴,北风4-5级,7,晴,东南风<3级,-6
辽宁,大连,周日(11月2日),db,晴,北风5-6级,8,晴,东北风4-5级,3
辽宁,鞍山,周日(11月2日),db,晴,北风<3级,7,晴,东南风<3级,-3
辽宁,抚顺,周日(11月2日),db,多云,西北风4-5级,4,晴,东南风<3级,-6
辽宁,本溪,周日(11月2日),db,多云,北风3-4级,5,晴,东南风3-4级,-5
辽宁,丹东,周日(11月2日),db,晴,北风5-6级,8,晴,北风3-4级,-4
辽宁,锦州,周日(11月2日),db,晴,北风4-5级,8,晴,南风3-4级,-1
辽宁,营口,周日(11月2日),db,晴,北风4-5级,6,晴,东南风3-4级,-2
辽宁,阜新,周日(11月2日),db,晴,北风3-4级,6,晴,南风<3级,-8
辽宁,辽阳,周日(11月2日),db,晴,北风4-5级,8,晴,东南风<3级,-6
辽宁,铁岭,周日(11月2日),db,多云,北风4-5级,5,晴,南风3-4级,-5
辽宁,朝阳,周日(11月2日),db,晴,北风3-4级,9,晴,南风<3级,-5
辽宁,盘锦,周日(11月2日),db,晴,北风5-6级,7,晴,东南风3-4级,-3
辽宁,葫芦岛,周日(11月2日),db,晴,北风4-5级,10,晴,西南风3-4级,-3
上海,上海,周日(11月2日),hd,阴,北风3-4级,20,阴,北风<3级,12
上海,闵行,周日(11月2日),hd,阴,北风3-4级,20,阴,北风3-4级,10
上海,宝山,周日(11月2日),hd,阴,北风3-4级,20,阴,北风3-4级,11
上海,黄浦,周日(11月2日),hd,阴,北风3-4级,20,阴,北风<3级,12
上海,嘉定,周日(11月2日),hd,阴,北风3-4级,20,阴,北风3-4级,9
上海,浦东新区,周日(11月2日),hd,阴,北风3-4级,22,阴,东北风3-4级,11
上海,金山,周日(11月2日),hd,阴,北风3-4级,21,阴,北风3-4级,9
上海,青浦,周日(11月2日),hd,阴,东北风3-4级,20,阴,北风3-4级,8
上海,松江,周日(11月2日),hd,阴,北风3-4级,20,阴,北风3-4级,10
上海,奉贤,周日(11月2日),hd,阴,北风3-4级,22,阴,北风3-4级,9
上海,崇明,周日(11月2日),hd,阴,北风3-4级,21,阴,北风<3级,7
上海,徐汇,周日(11月2日),hd,阴,北风3-4级,20,阴,北风<3级,12
上海,长宁,周日(11月2日),hd,阴,北风3-4级,20,阴,北风<3级,12
上海,静安,周日(11月2日),hd,阴,北风3-4级,20,阴,北风<3级,12
上海,普陀,周日(11月2日),hd,阴,北风3-4级,20,阴,北风<3级,12
上海,虹口,周日(11月2日),hd,阴,北风3-4级,20,阴,北风<3级,12
上海,杨浦,周日(11月2日),hd,阴,北风3-4级,20,阴,北风<3级,12
安徽,合肥,周日(11月2日),hd,晴,东北风3-4级,20,晴,东风3-4级,7
安徽,蚌埠,周日(11月2日),hd,晴,东北风3-4级,20,晴,东风3-4级,6
安徽,芜湖,周日(11月2日),hd,晴,东北风3-4级,20,晴,东风3-4级,9
安徽,淮南,周日(11月2日),hd,晴,东北风3-4级,20,晴,东风3-4级,7
安徽,马鞍山,周日(11月2日),hd,晴,东北风3-4级,19,晴,东风3-4级,8
安徽,安庆,周日(11月2日),hd,晴,东北风3-4级,21,晴,东北风3-4级,11
安徽,宿州,周日(11月2日),hd,晴,东北风3-4级,19,晴,东风3-4级,5
安徽,阜阳,周日(11月2日),hd,多云,东北风3-4级,21,晴,东风3-4级,8
安徽,亳州,周日(11月2日),hd,多云,东北风3-4级,19,晴,东南风3-4级,7
安徽,黄山,周日(11月2日),hd,多云,东北风<3级,9,多云,东北风<3级,1
安徽,滁州,周日(11月2日),hd,晴,东北风3-4级,19,晴,东北风3-4级,6
安徽,淮北,周日(11月2日),hd,晴,东北风<3级,18,晴,东风3-4级,6
安徽,铜陵,周日(11月2日),hd,晴,东北风3-4级,20,晴,东风3-4级,11
安徽,宣城,周日(11月2日),hd,晴,东北风3-4级,20,晴,东风3-4级,9
安徽,六安,周日(11月2日),hd,晴,东北风3-4级,20,晴,东风3-4级,9
安徽,池州,周日(11月2日),hd,晴,东北风3-4级,22,多云,东北风3-4级,9
江苏,南京,周日(11月2日),hd,多云,北风4-5级,20,多云,东北风3-4级,8
江苏,无锡,周日(11月2日),hd,多云,北风<3级,21,阴,东北风<3级,9
江苏,镇江,周日(11月2日),hd,阴,北风<3级,20,多云,东北风<3级,7
江苏,苏州,周日(11月2日),hd,多云,东北风<3级,20,多云,北风<3级,9
江苏,南通,周日(11月2日),hd,多云,北风3-4级,19,多云,西北风<3级,7
江苏,扬州,周日(11月2日),hd,多云,北风<3级,20,多云,东北风<3级,8
江苏,盐城,周日(11月2日),hd,晴,北风<3级,16,晴,北风<3级,6
江苏,徐州,周日(11月2日),hd,晴,东北风<3级,16,晴,东风<3级,5
江苏,淮安,周日(11月2日),hd,晴,东北风<3级,16,晴,东北风<3级,6
江苏,连云港,周日(11月2日),hd,晴,东北风<3级,13,晴,北风<3级,6
江苏,常州,周日(11月2日),hd,多云,北风<3级,20,多云,东北风<3级,8
江苏,泰州,周日(11月2日),hd,多云,北风<3级,19,多云,北风<3级,6
江苏,宿迁,周日(11月2日),hd,晴,东北风<3级,16,晴,东北风<3级,6
山东,济南,周日(11月2日),hd,晴,东北风<3级,13,晴,东南风<3级,5
山东,青岛,周日(11月2日),hd,晴,北风3-4级,14,晴,北风3-4级,7
山东,淄博,周日(11月2日),hd,晴,东北风<3级,13,晴,东南风<3级,0
山东,德州,周日(11月2日),hd,晴,东北风<3级,13,晴,东南风<3级,2
山东,烟台,周日(11月2日),hd,多云,北风4-5级,10,晴,北风4-5级,6
山东,潍坊,周日(11月2日),hd,晴,北风<3级,13,晴,南风<3级,2
山东,济宁,周日(11月2日),hd,晴,东北风<3级,16,晴,东南风<3级,5
山东,泰安,周日(11月2日),hd,晴,东北风<3级,15,晴,东风<3级,3
山东,临沂,周日(11月2日),hd,晴,东北风<3级,14,晴,东北风<3级,3
山东,菏泽,周日(11月2日),hd,晴,东北风<3级,16,晴,东南风<3级,6
山东,滨州,周日(11月2日),hd,晴,北风<3级,13,晴,东南风<3级,2
山东,东营,周日(11月2日),hd,晴,北风<3级,12,晴,南风<3级,3
山东,威海,周日(11月2日),hd,晴,北风4-5级,8,晴,北风4-5级,6
山东,枣庄,周日(11月2日),hd,晴,东北风<3级,18,晴,东风<3级,4
山东,日照,周日(11月2日),hd,晴,北风<3级,13,晴,北风<3级,6
山东,莱芜,周日(11月2日),hd,晴,北风<3级,12,晴,东风<3级,2
山东,聊城,周日(11月2日),hd,晴,东北风<3级,14,晴,东南风<3级,4
浙江,杭州,周日(11月2日),hd,多云,北风<3级,22,多云,北风<3级,12
浙江,湖州,周日(11月2日),hd,多云,北风<3级,22,多云,东北风<3级,11
浙江,嘉兴,周日(11月2日),hd,多云,北风<3级,21,多云,东北风<3级,11
浙江,宁波,周日(11月2日),hd,多云,北风<3级,22,多云,北风<3级,12
浙江,绍兴,周日(11月2日),hd,多云,北风<3级,22,多云,东北风<3级,12
浙江,台州,周日(11月2日),hd,多云,东北风<3级,23,晴,西北风<3级,13
浙江,温州,周日(11月2日),hd,多云,东风<3级,24,多云,东北风<3级,14
浙江,丽水,周日(11月2日),hd,多云,北风<3级,22,多云,北风<3级,12
浙江,金华,周日(11月2日),hd,多云,东北风<3级,23,多云,东北风<3级,12
浙江,衢州,周日(11月2日),hd,晴,东北风<3级,23,多云,东北风<3级,13
浙江,舟山,周日(11月2日),hd,晴,北风<3级,21,晴,北风<3级,13
福建,福州,周日(11月2日),hd,阴,东风<3级,25,阴,北风3-4级,18
福建,厦门,周日(11月2日),hd,多云,东北风3-4级,26,多云,东北风4-5级,20
福建,宁德,周日(11月2日),hd,小雨,东风<3级,24,多云,东北风<3级,17
福建,莆田,周日(11月2日),hd,多云,东北风<3级,24,阴,北风3-4级,19
福建,泉州,周日(11月2日),hd,多云,东北风3-4级,25,阴,北风4-5级,19
福建,漳州,周日(11月2日),hd,多云,东风<3级,27,多云,东风<3级,20
福建,龙岩,周日(11月2日),hd,多云,北风<3级,25,阴,东北风<3级,18
福建,三明,周日(11月2日),hd,阴,北风<3级,23,小雨,东北风<3级,17
福建,南平,周日(11月2日),hd,阴,北风<3级,23,阴,东北风<3级,16
福建,钓鱼岛,周日(11月2日),hd,阴,东北风4-5级,25,阴,东北风4-5级,23
江西,南昌,周日(11月2日),hd,多云,东北风<3级,22,多云,东北风<3级,15
江西,九江,周日(11月2日),hd,多云,东北风<3级,23,多云,东北风<3级,12
江西,上饶,周日(11月2日),hd,多云,东北风<3级,22,多云,东北风<3级,15
江西,抚州,周日(11月2日),hd,多云,北风<3级,22,多云,东北风<3级,14
江西,宜春,周日(11月2日),hd,多云,北风<3级,21,小雨,东北风<3级,13
江西,吉安,周日(11月2日),hd,阴,北风<3级,19,小雨,北风<3级,14
江西,赣州,周日(11月2日),hd,阴,北风<3级,22,阴,北风<3级,16
江西,景德镇,周日(11月2日),hd,多云,东北风<3级,24,多云,东北风<3级,14
江西,萍乡,周日(11月2日),hd,小雨,西风<3级,18,小雨,东北风<3级,13
江西,新余,周日(11月2日),hd,阴,北风<3级,19,小雨,东北风<3级,13
江西,鹰潭,周日(11月2日),hd,阴,东北风<3级,22,多云,东风<3级,15
湖北,武汉,周日(11月2日),hz,阴,东北风<3级,23,阴,东风<3级,9
湖北,襄阳,周日(11月2日),hz,阴,北风<3级,19,阴,西北风<3级,9
湖北,鄂州,周日(11月2日),hz,阴,南风<3级,24,阴,东风<3级,13
湖北,孝感,周日(11月2日),hz,阴,东风<3级,24,阴,东风<3级,10
湖北,黄冈,周日(11月2日),hz,阴,东北风<3级,24,阴,东风<3级,11
湖北,黄石,周日(11月2日),hz,阴,东风<3级,25,阴,东风<3级,12
湖北,咸宁,周日(11月2日),hz,阴,北风<3级,23,阴,东风<3级,13
湖北,荆州,周日(11月2日),hz,阴,东北风<3级,22,阴,东北风<3级,12
湖北,宜昌,周日(11月2日),hz,阴,东南风<3级,22,阴,西北风<3级,12
湖北,恩施,周日(11月2日),hz,阴,东南风<3级,23,阴,北风<3级,13
湖北,十堰,周日(11月2日),hz,阴,东风<3级,20,阴,东风<3级,8
湖北,神农架,周日(11月2日),hz,阴,东风<3级,19,阴,南风<3级,6
湖北,随州,周日(11月2日),hz,阴,东风<3级,23,阴,北风<3级,6
湖北,荆门,周日(11月2日),hz,阴,北风<3级,21,阴,北风<3级,12
湖北,天门,周日(11月2日),hz,阴,东风<3级,23,阴,东北风<3级,11
湖北,仙桃,周日(11月2日),hz,阴,东风<3级,23,阴,东北风<3级,12
湖北,潜江,周日(11月2日),hz,阴,东风<3级,23,阴,东北风<3级,12
湖南,长沙,周日(11月2日),hz,阴,西南风<3级,18,小雨,西北风<3级,14
湖南,湘潭,周日(11月2日),hz,小雨,西风<3级,17,小雨,西北风<3级,14
湖南,株洲,周日(11月2日),hz,小雨,西风<3级,18,小雨,北风<3级,14
湖南,衡阳,周日(11月2日),hz,小雨,北风<3级,16,小雨,西北风<3级,13
湖南,郴州,周日(11月2日),hz,小雨,北风<3级,17,小雨,北风<3级,14
湖南,常德,周日(11月2日),hz,阴,南风<3级,20,小雨,北风<3级,15
湖南,益阳,周日(11月2日),hz,阴,西北风<3级,19,小雨,西北风<3级,15
湖南,娄底,周日(11月2日),hz,小雨,西北风<3级,16,中雨,西风<3级,13
湖南,邵阳,周日(11月2日),hz,小雨,北风<3级,16,小雨,西北风<3级,13
湖南,岳阳,周日(11月2日),hz,阴,西北风<3级,20,阴,东北风<3级,14
湖南,张家界,周日(11月2日),hz,阴,东南风<3级,21,阴,东北风<3级,14
湖南,怀化,周日(11月2日),hz,小雨,北风<3级,16,中雨,北风<3级,12
湖南,永州,周日(11月2日),hz,小雨,东北风<3级,16,小雨,北风<3级,14
湖南,湘西,周日(11月2日),hz,小雨,南风<3级,17,小雨,西风<3级,12
河南,郑州,周日(11月2日),hz,多云,东北风<3级,16,多云,东南风<3级,7
河南,安阳,周日(11月2日),hz,晴,东风<3级,13,晴,西南风<3级,4
河南,新乡,周日(11月2日),hz,多云,东北风3-4级,16,晴,东风<3级,4
河南,许昌,周日(11月2日),hz,多云,东北风<3级,17,多云,东风<3级,5
河南,平顶山,周日(11月2日),hz,多云,东北风<3级,17,多云,东北风<3级,6
河南,信阳,周日(11月2日),hz,阴,东北风<3级,19,阴,北风<3级,8
河南,南阳,周日(11月2日),hz,阴,东北风3-4级,17,阴,东北风<3级,9
河南,开封,周日(11月2日),hz,多云,东北风<3级,15,多云,东南风<3级,7
河南,洛阳,周日(11月2日),hz,多云,东风<3级,15,多云,东北风<3级,6
河南,商丘,周日(11月2日),hz,晴,东北风<3级,15,晴,东风<3级,6
河南,焦作,周日(11月2日),hz,阴,东风<3级,15,晴,东北风<3级,8
河南,鹤壁,周日(11月2日),hz,多云,东北风<3级,16,多云,南风<3级,5
河南,濮阳,周日(11月2日),hz,晴,东北风<3级,13,多云,南风<3级,4
河南,周口,周日(11月2日),hz,多云,东北风<3级,18,阴,东南风<3级,7
河南,漯河,周日(11月2日),hz,阴,东北风<3级,18,阴,东风<3级,7
河南,驻马店,周日(11月2日),hz,阴,东北风<3级,18,阴,东北风<3级,7
河南,三门峡,周日(11月2日),hz,多云,东风<3级,16,多云,东风<3级,6
河南,济源,周日(11月2日),hz,阴,东风<3级,16,多云,东风<3级,7
广西,南宁,周日(11月2日),hn,阴,北风<3级,21,小雨,东北风<3级,16
广西,崇左,周日(11月2日),hn,阴,东北风<3级,21,阴,北风<3级,17
广西,柳州,周日(11月2日),hn,小雨,北风<3级,20,小雨,北风<3级,16
广西,来宾,周日(11月2日),hn,阴,北风<3级,22,阴,北风<3级,16
广西,桂林,周日(11月2日),hn,小雨,东北风3-4级,19,小雨,东北风3-4级,14
广西,梧州,周日(11月2日),hn,阴,东北风<3级,25,阴,北风<3级,18
广西,贺州,周日(11月2日),hn,阴,西北风<3级,22,小雨,西北风3-4级,15
广西,贵港,周日(11月2日),hn,多云,北风<3级,23,阴,北风<3级,17
广西,玉林,周日(11月2日),hn,多云,东北风<3级,25,多云,北风<3级,18
广西,百色,周日(11月2日),hn,阴,东北风<3级,21,小雨,北风<3级,18
广西,钦州,周日(11月2日),hn,阴,北风3-4级,23,阴,北风3-4级,18
广西,河池,周日(11月2日),hn,阴,北风<3级,18,小雨,北风<3级,15
广西,北海,周日(11月2日),hn,多云,北风4-5级,26,阴,北风4-5级,19
广西,防城港,周日(11月2日),hn,多云,北风3-4级,25,阴,北风4-5级,17
广东,广州,周日(11月2日),hn,阴,东北风<3级,25,阴,北风<3级,18
广东,韶关,周日(11月2日),hn,多云,北风<3级,24,阴,北风<3级,16
广东,惠州,周日(11月2日),hn,阴,北风<3级,25,阴,北风<3级,19
广东,梅州,周日(11月2日),hn,阴,东北风<3级,26,阴,北风<3级,17
广东,汕头,周日(11月2日),hn,多云,东北风<3级,26,阴,东北风<3级,21
广东,深圳,周日(11月2日),hn,阴,东北风<3级,26,阴,东北风<3级,21
广东,珠海,周日(11月2日),hn,阴,东北风<3级,22,阴,东北风<3级,20
广东,佛山,周日(11月2日),hn,多云,东北风<3级,25,多云,东北风<3级,19
广东,肇庆,周日(11月2日),hn,阴,东北风<3级,21,阴,北风<3级,17
广东,湛江,周日(11月2日),hn,阴,东风<3级,22,阴,东北风<3级,20
广东,江门,周日(11月2日),hn,多云,东北风<3级,28,阴,东北风<3级,20
广东,河源,周日(11月2日),hn,阴,北风<3级,18,阴,北风<3级,16
广东,清远,周日(11月2日),hn,阴,北风<3级,23,阴,北风<3级,19
广东,云浮,周日(11月2日),hn,阴,东北风<3级,25,阴,东北风<3级,17
广东,潮州,周日(11月2日),hn,多云,东北风<3级,28,阴,东北风<3级,18
广东,东莞,周日(11月2日),hn,阴,东北风<3级,26,阴,东北风<3级,20
广东,中山,周日(11月2日),hn,阴,东北风<3级,26,阴,北风<3级,19
广东,阳江,周日(11月2日),hn,阴,北风<3级,28,阴,东北风<3级,21
广东,揭阳,周日(11月2日),hn,阴,东北风<3级,26,阴,东风<3级,19
广东,茂名,周日(11月2日),hn,阴,东北风<3级,28,阴,东北风<3级,20
广东,汕尾,周日(11月2日),hn,阴,东北风<3级,27,阴,东北风<3级,20
海南,海口,周日(11月2日),hn,多云,东北风3-4级,26,小雨,东北风3-4级,23
海南,三亚,周日(11月2日),hn,多云,东北风3-4级,29,中雨,东北风3-4级,23
海南,东方,周日(11月2日),hn,多云,东北风4-5级,29,小雨,东北风4-5级,23
海南,临高,周日(11月2日),hn,小雨,东北风3-4级,27,小雨,东北风3-4级,21
海南,澄迈,周日(11月2日),hn,小雨,东北风3-4级,27,小雨,东北风3-4级,21
海南,儋州,周日(11月2日),hn,小雨,东北风3-4级,26,小雨,东北风3-4级,19
海南,昌江,周日(11月2日),hn,小雨,东北风3-4级,27,小雨,东北风3-4级,22
海南,白沙,周日(11月2日),hn,小雨,东风<3级,24,中雨,东北风<3级,19
海南,琼中,周日(11月2日),hn,中雨,东北风<3级,23,暴雨,东北风<3级,20
海南,定安,周日(11月2日),hn,小雨,东北风3-4级,26,中雨,东北风3-4级,22
海南,屯昌,周日(11月2日),hn,中雨,东北风3-4级,25,大雨,东北风<3级,22
海南,琼海,周日(11月2日),hn,大雨,东北风3-4级,25,大雨,东北风3-4级,23
海南,文昌,周日(11月2日),hn,中雨,东北风3-4级,27,大雨,东北风3-4级,22
海南,保亭,周日(11月2日),hn,中雨,东北风<3级,28,大雨,东北风<3级,22
海南,万宁,周日(11月2日),hn,大雨,东北风3-4级,25,暴雨,东北风<3级,23
海南,陵水,周日(11月2日),hn,小雨,东北风3-4级,26,大雨,东北风<3级,23
海南,乐东,周日(11月2日),hn,多云,东北风<3级,28,小雨,北风<3级,23
海南,五指山,周日(11月2日),hn,小雨,东北风<3级,26,小雨,东北风<3级,21
海南,西沙,周日(11月2日),hn,雷阵雨,东风5-6级,28,雷阵雨,东风4-5级,26
海南,中沙,周日(11月2日),hn,雷阵雨,东风5-6级,28,雷阵雨,东风6-7级,26
海南,南沙,周日(11月2日),hn,多云,西风4-5级,29,雷阵雨,西风4-5级,26
陕西,西安,周日(11月2日),xb,多云,东北风<3级,17,多云,东北风<3级,7
陕西,咸阳,周日(11月2日),xb,多云,东风<3级,16,多云,东风<3级,7
陕西,延安,周日(11月2日),xb,多云,南风<3级,16,小雨,南风<3级,1
陕西,榆林,周日(11月2日),xb,多云,东南风<3级,13,晴,南风<3级,0
陕西,渭南,周日(11月2日),xb,多云,东风<3级,16,多云,东风<3级,7
陕西,商洛,周日(11月2日),xb,阴,东南风<3级,19,阴,东南风<3级,4
陕西,安康,周日(11月2日),xb,阴,东风<3级,23,阴,东北风<3级,9
陕西,汉中,周日(11月2日),xb,多云,东南风<3级,20,多云,南风<3级,10
陕西,宝鸡,周日(11月2日),xb,多云,东北风<3级,16,多云,西南风<3级,8
陕西,铜川,周日(11月2日),xb,多云,南风<3级,14,晴,东北风<3级,5
陕西,杨凌,周日(11月2日),xb,多云,东风<3级,16,多云,西北风<3级,6
甘肃,兰州,周日(11月2日),xb,晴,北风<3级,16,多云,南风<3级,4
甘肃,定西,周日(11月2日),xb,阴,南风<3级,12,多云,南风<3级,2
甘肃,平凉,周日(11月2日),xb,小雨,东南风<3级,12,多云,西风<3级,4
甘肃,庆阳,周日(11月2日),xb,多云,南风<3级,12,小雨,南风<3级,4
甘肃,武威,周日(11月2日),xb,晴,东北风<3级,16,晴,南风<3级,1
甘肃,金昌,周日(11月2日),xb,晴,东北风<3级,16,晴,西南风<3级,0
甘肃,张掖,周日(11月2日),xb,晴,西北风<3级,18,晴,南风<3级,0
甘肃,酒泉,周日(11月2日),xb,晴,北风<3级,15,晴,西南风<3级,0
甘肃,天水,周日(11月2日),xb,阴,东风<3级,13,多云,东南风<3级,6
甘肃,陇南,周日(11月2日),xb,阴,东南风<3级,17,阴,东南风<3级,10
甘肃,临夏,周日(11月2日),xb,晴,北风<3级,13,多云,东南风<3级,0
甘肃,甘南,周日(11月2日),xb,多云,西风<3级,7,多云,东风<3级,-4
甘肃,白银,周日(11月2日),xb,多云,南风<3级,15,晴,北风<3级,2
甘肃,嘉峪关,周日(11月2日),xb,晴,北风<3级,15,晴,西南风<3级,0
新疆,乌鲁木齐,周日(11月2日),xb,晴,北风<3级,11,晴,南风<3级,2
新疆,克拉玛依,周日(11月2日),xb,多云,东北风<3级,13,晴,北风<3级,4
新疆,石河子,周日(11月2日),xb,晴,东北风<3级,13,晴,西南风<3级,1
新疆,昌吉,周日(11月2日),xb,晴,东北风<3级,14,晴,西北风<3级,1
新疆,吐鲁番,周日(11月2日),xb,晴,东南风<3级,20,晴,东北风<3级,7
新疆,巴音郭楞,周日(11月2日),xb,晴,西南风<3级,18,晴,南风<3级,3
新疆,阿拉尔,周日(11月2日),xb,晴,东南风<3级,18,晴,西南风<3级,1
新疆,阿克苏,周日(11月2日),xb,晴,南风<3级,18,晴,西北风<3级,2
新疆,喀什,周日(11月2日),xb,晴,东风<3级,18,晴,东北风<3级,3
新疆,伊犁,周日(11月2日),xb,晴,南风<3级,17,晴,东北风<3级,3
新疆,塔城,周日(11月2日),xb,晴,东南风<3级,11,多云,东北风<3级,0
新疆,哈密,周日(11月2日),xb,晴,东南风<3级,16,晴,东北风<3级,-1
新疆,和田,周日(11月2日),xb,晴,东北风<3级,19,晴,西南风<3级,2
新疆,阿勒泰,周日(11月2日),xb,多云,东风<3级,8,多云,东北风<3级,-1
新疆,克州,周日(11月2日),xb,晴,东南风<3级,17,晴,西北风<3级,4
新疆,博尔塔拉,周日(11月2日),xb,晴,东风<3级,11,晴,西北风<3级,1
新疆,图木舒克,周日(11月2日),xb,晴,东北风<3级,19,晴,南风<3级,4
新疆,五家渠,周日(11月2日),xb,晴,北风<3级,11,晴,南风<3级,2
新疆,铁门关,周日(11月2日),xb,晴,西南风<3级,18,晴,南风<3级,3
新疆,北屯,周日(11月2日),xb,多云,东风<3级,8,多云,东北风<3级,-1
新疆,双河,周日(11月2日),xb,多云,东风<3级,8,多云,东北风<3级,-1
新疆,可克达拉,周日(11月2日),xb,晴,西风<3级,16,晴,北风<3级,3
青海,西宁,周日(11月2日),xb,晴,南风<3级,12,晴,东北风<3级,-1
青海,海东,周日(11月2日),xb,晴,东风<3级,13,晴,东风<3级,0
青海,黄南,周日(11月2日),xb,晴,东风<3级,10,晴,南风<3级,1
青海,海南,周日(11月2日),xb,晴,南风<3级,10,晴,西北风<3级,-4
青海,果洛,周日(11月2日),xb,晴,南风<3级,7,小雪,北风<3级,-6
青海,玉树,周日(11月2日),xb,晴,东南风<3级,8,小雪,西北风<3级,-6
青海,海西,周日(11月2日),xb,多云,西风<3级,8,晴,东北风<3级,-6
青海,海北,周日(11月2日),xb,晴,北风<3级,8,晴,东风<3级,-8
宁夏,银川,周日(11月2日),xb,多云,南风<3级,13,多云,南风<3级,0
宁夏,石嘴山,周日(11月2日),xb,多云,东南风<3级,14,多云,西北风<3级,-1
宁夏,吴忠,周日(11月2日),xb,多云,东北风<3级,14,多云,南风<3级,0
宁夏,固原,周日(11月2日),xb,小雨,东南风<3级,13,多云,南风<3级,3
宁夏,中卫,周日(11月2日),xb,多云,东风<3级,18,多云,南风<3级,-1
四川,成都,周日(11月2日),xn,阴,南风<3级,17,小雨,东南风<3级,12
四川,攀枝花,周日(11月2日),xn,小雨,北风<3级,19,中雨,西北风<3级,12
四川,自贡,周日(11月2日),xn,小雨,南风<3级,15,中雨,东南风<3级,14
四川,绵阳,周日(11月2日),xn,阴,西南风<3级,18,阴,西北风<3级,12
四川,南充,周日(11月2日),xn,阴,西南风<3级,19,小雨,南风<3级,12
四川,达州,周日(11月2日),xn,阴,西风<3级,20,小雨,西风<3级,12
四川,遂宁,周日(11月2日),xn,阴,东南风<3级,18,小雨,西南风<3级,12
四川,广安,周日(11月2日),xn,阴,西风<3级,19,小雨,西南风<3级,13
四川,巴中,周日(11月2日),xn,阴,南风<3级,20,阴,东南风<3级,11
四川,泸州,周日(11月2日),xn,小雨,东风<3级,15,小雨,东北风<3级,14
四川,宜宾,周日(11月2日),xn,小雨,南风<3级,16,中雨,东南风<3级,14
四川,内江,周日(11月2日),xn,小雨,南风<3级,16,小雨,西南风<3级,13
四川,资阳,周日(11月2日),xn,阴,南风<3级,16,小雨,西南风<3级,13
四川,乐山,周日(11月2日),xn,小雨,东风<3级,16,小雨,南风<3级,13
四川,眉山,周日(11月2日),xn,小雨,南风<3级,16,小雨,东南风<3级,13
四川,凉山,周日(11月2日),xn,中雨,北风<3级,11,小雨,北风<3级,9
四川,雅安,周日(11月2日),xn,小雨,北风<3级,16,小雨,南风<3级,12
四川,甘孜,周日(11月2日),xn,阴,西风3-4级,9,小雨,西风4-5级,0
四川,阿坝,周日(11月2日),xn,阴,西北风<3级,11,阴,东北风<3级,-1
四川,德阳,周日(11月2日),xn,阴,东南风<3级,18,小雨,东风<3级,11
四川,广元,周日(11月2日),xn,阴,南风<3级,20,阴,东风<3级,12
重庆,重庆,周日(11月2日),xn,阴,南风<3级,19,小雨,东风<3级,15
重庆,永川,周日(11月2日),xn,小雨,南风<3级,17,小雨,东北风<3级,13
重庆,合川,周日(11月2日),xn,阴,西南风<3级,18,小雨,西南风<3级,13
重庆,南川,周日(11月2日),xn,小雨,北风<3级,16,小雨,东风<3级,12
重庆,江津,周日(11月2日),xn,小雨,南风<3级,18,小雨,东北风<3级,14
重庆,渝北,周日(11月2日),xn,阴,西南风<3级,17,小雨,西南风<3级,13
重庆,北碚,周日(11月2日),xn,阴,西北风<3级,19,小雨,西南风<3级,14
重庆,巴南,周日(11月2日),xn,阴,西风<3级,15,小雨,东风<3级,12
重庆,长寿,周日(11月2日),xn,阴,西风<3级,18,小雨,西南风<3级,14
重庆,黔江,周日(11月2日),xn,多云,南风<3级,18,小雨,东南风<3级,11
重庆,渝中,周日(11月2日),xn,阴,南风<3级,19,小雨,东风<3级,15
重庆,万州,周日(11月2日),xn,阴,东南风<3级,19,阴,东北风<3级,14
重庆,涪陵,周日(11月2日),xn,阴,西风<3级,18,小雨,东北风<3级,14
重庆,城口,周日(11月2日),xn,阴,西南风<3级,18,阴,东南风<3级,10
重庆,云阳,周日(11月2日),xn,阴,西风<3级,21,阴,西风<3级,15
重庆,巫溪,周日(11月2日),xn,阴,西南风<3级,21,阴,北风<3级,13
重庆,奉节,周日(11月2日),xn,阴,北风<3级,21,阴,西风<3级,15
重庆,巫山,周日(11月2日),xn,阴,东风<3级,20,阴,东风<3级,12
重庆,潼南,周日(11月2日),xn,阴,西风<3级,18,小雨,西南风<3级,13
重庆,垫江,周日(11月2日),xn,阴,西南风<3级,19,小雨,东南风<3级,13
重庆,梁平,周日(11月2日),xn,多云,北风<3级,19,阴,东风<3级,12
重庆,忠县,周日(11月2日),xn,阴,西北风<3级,19,小雨,西北风<3级,15
重庆,石柱,周日(11月2日),xn,阴,西北风<3级,18,小雨,东南风<3级,12
重庆,大足,周日(11月2日),xn,阴,西南风<3级,17,小雨,东南风<3级,12
重庆,荣昌,周日(11月2日),xn,阴,南风<3级,16,小雨,东南风<3级,13
重庆,铜梁,周日(11月2日),xn,阴,北风<3级,18,小雨,南风<3级,14
重庆,璧山,周日(11月2日),xn,阴,南风<3级,18,小雨,北风<3级,14
重庆,丰都,周日(11月2日),xn,阴,西北风<3级,18,小雨,南风<3级,14
重庆,武隆,周日(11月2日),xn,多云,东南风<3级,18,小雨,东南风<3级,12
重庆,彭水,周日(11月2日),xn,多云,南风<3级,19,小雨,西北风<3级,14
重庆,綦江,周日(11月2日),xn,小雨,东南风<3级,16,小雨,东风<3级,12
重庆,酉阳,周日(11月2日),xn,小雨,南风<3级,16,小雨,东北风<3级,10
重庆,大渡口,周日(11月2日),xn,阴,南风<3级,19,小雨,东风<3级,15
重庆,秀山,周日(11月2日),xn,小雨,南风<3级,16,小雨,南风<3级,11
重庆,江北,周日(11月2日),xn,阴,南风<3级,19,小雨,东风<3级,15
重庆,沙坪坝,周日(11月2日),xn,阴,南风<3级,19,小雨,东风<3级,15
重庆,九龙坡,周日(11月2日),xn,阴,南风<3级,19,小雨,东风<3级,15
重庆,南岸,周日(11月2日),xn,阴,南风<3级,19,小雨,东风<3级,15
重庆,开州,周日(11月2日),xn,阴,西南风<3级,20,小雨,北风<3级,13
贵州,贵阳,周日(11月2日),xn,小雨,东北风<3级,10,中雨,北风<3级,8
贵州,遵义,周日(11月2日),xn,小雨,东北风<3级,13,中雨,东北风<3级,9
贵州,安顺,周日(11月2日),xn,小雨,东北风<3级,10,中雨,东北风<3级,7
贵州,黔南,周日(11月2日),xn,小雨,北风<3级,12,小雨,北风<3级,8
贵州,黔东南,周日(11月2日),xn,小雨,东北风<3级,14,大雨,东北风<3级,10
贵州,铜仁,周日(11月2日),xn,小雨,北风<3级,16,中雨,北风<3级,12
贵州,毕节,周日(11月2日),xn,小雨,东北风<3级,10,中雨,东北风<3级,6
贵州,六盘水,周日(11月2日),xn,中雨,东北风<3级,9,小雨,东北风<3级,6
贵州,黔西南,周日(11月2日),xn,小雨,东北风<3级,12,中雨,北风<3级,10
云南,昆明,周日(11月2日),xn,中雨,东风<3级,14,大雨,东风<3级,9
云南,大理,周日(11月2日),xn,小雨,南风<3级,19,大雨,南风<3级,14
云南,红河,周日(11月2日),xn,小雨,东南风3-4级,20,小雨,东南风<3级,18
云南,曲靖,周日(11月2日),xn,中雨,东风<3级,11,大雨,东风<3级,7
云南,保山,周日(11月2日),xn,小雨,南风<3级,21,中雨,南风<3级,15
云南,文山,周日(11月2日),xn,小雨,东风<3级,17,小雨,东北风<3级,14
云南,玉溪,周日(11月2日),xn,中雨,东南风<3级,17,中雨,东风<3级,10
云南,楚雄,周日(11月2日),xn,小雨,东南风<3级,18,中雨,东风<3级,13
云南,普洱,周日(11月2日),xn,中雨,东南风<3级,21,小雨,东南风<3级,18
云南,昭通,周日(11月2日),xn,小雨,东北风<3级,8,中雨,东北风<3级,5
云南,临沧,周日(11月2日),xn,中雨,东南风<3级,21,中雨,东南风<3级,16
云南,怒江,周日(11月2日),xn,小雨,西南风<3级,23,中雨,西南风<3级,18
云南,迪庆,周日(11月2日),xn,中雨,南风<3级,9,中雨,南风<3级,4
云南,丽江,周日(11月2日),xn,小雨,西风<3级,14,大雨,东南风<3级,10
云南,德宏,周日(11月2日),xn,小雨,南风<3级,25,大雨,西南风<3级,19
云南,西双版纳,周日(11月2日),xn,小雨,东风<3级,27,小雨,东风<3级,22
西藏,拉萨,周日(11月2日),xn,多云,西南风<3级,12,多云,东北风<3级,0
西藏,日喀则,周日(11月2日),xn,多云,南风<3级,13,多云,南风<3级,-4
西藏,山南,周日(11月2日),xn,多云,南风<3级,19,多云,西南风<3级,1
西藏,林芝,周日(11月2日),xn,小雨,东南风<3级,16,小雨,东北风<3级,6
西藏,昌都,周日(11月2日),xn,多云,东南风<3级,11,多云,西北风<3级,2
西藏,那曲,周日(11月2日),xn,多云,东南风<3级,0,晴,东南风<3级,-9
西藏,阿里,周日(11月2日),xn,晴,西风<3级,8,晴,北风<3级,-9
香港,香港,周日(11月2日),gat,阴,东风<3级,27,阴,东北风<3级,23
