market_period,brand,shipments_k,market_share_pct,market_source
2020Q1,Apple,10106,38.6,"Canalys Q1 2021 comparison column"
2020Q1,Samsung,5002,19.1,"Canalys Q1 2021 comparison column"
2020Q1,Huawei,2974,11.4,"Canalys Q1 2021 comparison column"
2020Q1,Lenovo,1620,6.2,"Canalys Q1 2021 comparison column"
2020Q1,Amazon,1159,4.4,"Canalys Q1 2021 comparison column"
2020Q1,Others,5309,20.3,"Canalys Q1 2021 comparison column"
2020Q1,Total,26171,100.0,"Canalys Q1 2021 comparison column"
2020Q2,Apple,14249,38.0,"Canalys Q2 2021 comparison column"
2020Q2,Samsung,7024,18.7,"Canalys Q2 2021 comparison column"
2020Q2,Huawei,5006,13.4,"Canalys Q2 2021 comparison column"
2020Q2,Amazon,3164,8.4,"Canalys Q2 2021 comparison column"
2020Q2,Lenovo,2642,7.0,"Canalys Q2 2021 comparison column"
2020Q2,Others,5393,14.4,"Canalys Q2 2021 comparison column"
2020Q2,Total,37479,100.0,"Canalys Q2 2021 comparison column"
2020Q3,Apple,15233,34.4,"Canalys Q3 2020"
2020Q3,Samsung,9035,20.4,"Canalys Q3 2020"
2020Q3,Huawei,5096,11.5,"Canalys Q3 2020"
2020Q3,Amazon,4993,11.3,"Canalys Q3 2020"
2020Q3,Lenovo,4196,9.1,"Canalys Q3 2020"
2020Q3,Others,5739,13.4,"Canalys Q3 2020"
2020Q3,Total,44293,100.0,"Canalys Q3 2020"
2020Q4,Apple,19200,36.0,"Canalys Q4 2020"
2020Q4,Samsung,9900,19.0,"Canalys Q4 2020"
2020Q4,Amazon,6500,12.0,"Canalys Q4 2020"
2020Q4,Lenovo,5600,11.0,"Canalys Q4 2020"
2020Q4,Huawei,3500,7.0,"Canalys Q4 2020"
2020Q4,Others,8633,16.2,"Canalys Q4 2020"
2020Q4,Total,53333,100.0,"Canalys Q4 2020"
2021Q1,Apple,15187,38.2,"Canalys Q1 2021"
2021Q1,Samsung,8000,20.1,"Canalys Q1 2021"
2021Q1,Lenovo,3782,9.5,"Canalys Q1 2021"
2021Q1,Amazon,3453,8.7,"Canalys Q1 2021"
2021Q1,Huawei,2143,5.4,"Canalys Q1 2021"
2021Q1,Others,7159,18.0,"Canalys Q1 2021"
2021Q1,Total,39724,100.0,"Canalys Q1 2021"
2021Q2,Apple,14185,36.3,"Canalys Q2 2021"
2021Q2,Samsung,7996,20.5,"Canalys Q2 2021"
2021Q2,Lenovo,4688,12.0,"Canalys Q2 2021"
2021Q2,Amazon,3118,8.0,"Canalys Q2 2021"
2021Q2,Huawei,2305,5.9,"Canalys Q2 2021"
2021Q2,Others,6791,17.4,"Canalys Q2 2021"
2021Q2,Total,39081,100.0,"Canalys Q2 2021"
2021Q3,Apple,15230,40.5,"Canalys Q3 2022 comparison column"
2021Q3,Samsung,7210,19.1,"Canalys Q3 2022 comparison column"
2021Q3,Lenovo,4280,11.4,"Canalys Q3 2022 comparison column"
2021Q3,Amazon,2717,7.2,"Canalys Q3 2022 comparison column"
2021Q3,Huawei,2503,6.6,"Canalys Q3 2022 comparison column"
2021Q3,Others,5711,15.2,"Canalys Q3 2022 comparison column"
2021Q3,Total,37650,100.0,"Canalys Q3 2022 comparison column"
2021Q4,Apple,16443,39.2,"Canalys Q4 2021"
2021Q4,Samsung,6892,16.4,"Canalys Q4 2021"
2021Q4,Lenovo,4742,11.3,"Canalys Q4 2021"
2021Q4,Amazon,4011,9.6,"Canalys Q4 2021"
2021Q4,Huawei,2239,5.3,"Canalys Q4 2021"
2021Q4,Others,7620,18.2,"Canalys Q4 2021"
2021Q4,Total,41947,100.0,"Canalys Q4 2021"
2022Q1,Apple,14881,38.6,"Canalys Q1 2022"
2022Q1,Samsung,7860,20.4,"Canalys Q1 2022"
2022Q1,Amazon,3568,9.2,"Canalys Q1 2022"
2022Q1,Lenovo,3004,7.8,"Canalys Q1 2022"
2022Q1,Huawei,1679,4.4,"Canalys Q1 2022"
2022Q1,Others,7604,19.7,"Canalys Q1 2022"
2022Q1,Total,38595,100.0,"Canalys Q1 2022"
2022Q2,Apple,12102,34.9,"Canalys Q2 2022"
2022Q2,Samsung,6952,20.0,"Canalys Q2 2022"
2022Q2,Lenovo,3509,10.1,"Canalys Q2 2022"
2022Q2,Amazon,3310,9.5,"Canalys Q2 2022"
2022Q2,Huawei,1707,4.9,"Canalys Q2 2022"
2022Q2,Others,7125,20.5,"Canalys Q2 2022"
2022Q2,Total,34705,100.0,"Canalys Q2 2022"
2022Q3,Apple,14381,40.7,"Canalys Q3 2022"
2022Q3,Samsung,6610,18.7,"Canalys Q3 2022"
2022Q3,Amazon,3202,9.1,"Canalys Q3 2022"
2022Q3,Lenovo,2712,7.7,"Canalys Q3 2022"
2022Q3,Huawei,1473,4.2,"Canalys Q3 2022"
2022Q3,Others,6942,19.7,"Canalys Q3 2022"
2022Q3,Total,35320,100.0,"Canalys Q3 2022"
2022Q4,Apple,19479,46.1,"Canalys Q4 2023 comparison column"
2022Q4,Samsung,7612,18.0,"Canalys Q4 2023 comparison column"
2022Q4,Amazon,3566,8.4,"Canalys Q4 2023 comparison column"
2022Q4,Lenovo,2334,5.5,"Canalys Q4 2023 comparison column"
2022Q4,Huawei,1441,3.4,"Canalys Q4 2023 comparison column"
2022Q4,Others,7823,18.5,"Canalys Q4 2023 comparison column"
2022Q4,Total,42255,100.0,"Canalys Q4 2023 comparison column"
2023Q1,Apple,13954,41.8,"Canalys Q1 2024 comparison column"
2023Q1,Samsung,6721,20.1,"Canalys Q1 2024 comparison column"
2023Q1,Amazon,2502,7.5,"Canalys Q1 2024 comparison column"
2023Q1,Lenovo,1892,5.7,"Canalys Q1 2024 comparison column"
2023Q1,Huawei,1607,4.8,"Canalys Q1 2024 comparison column"
2023Q1,Others,6689,20.0,"Canalys Q1 2024 comparison column"
2023Q1,Total,33365,100.0,"Canalys Q1 2024 comparison column"
2023Q2,Apple,12350,39.8,"Canalys Q2 2023"
2023Q2,Samsung,6010,18.8,"Canalys Q2 2023"
2023Q2,Amazon,2206,6.9,"Canalys Q2 2023"
2023Q2,Lenovo,2136,6.7,"Canalys Q2 2023"
2023Q2,Huawei,1658,5.2,"Canalys Q2 2023"
2023Q2,Others,6658,20.8,"Canalys Q2 2023"
2023Q2,Total,31018,100.0,"Canalys Q2 2023"
2023Q3,Apple,12542,38.3,"Canalys Q3 2023"
2023Q3,Samsung,6219,19.0,"Canalys Q3 2023"
2023Q3,Lenovo,2600,8.0,"Canalys Q3 2023"
2023Q3,Huawei,1872,5.7,"Canalys Q3 2023"
2023Q3,Xiaomi,1618,4.9,"Canalys Q3 2023"
2023Q3,Others,7853,24.0,"Canalys Q3 2023"
2023Q3,Total,32705,100.0,"Canalys Q3 2023"
2023Q4,Apple,14801,39.2,"Canalys Q4 2023"
2023Q4,Samsung,6816,18.0,"Canalys Q4 2023"
2023Q4,Huawei,2815,7.5,"Canalys Q4 2023"
2023Q4,Lenovo,2682,7.1,"Canalys Q4 2023"
2023Q4,Amazon,2001,5.3,"Canalys Q4 2023"
2023Q4,Others,8655,22.9,"Canalys Q4 2023 plus total from subsequent Canalys comparison"
2023Q4,Total,37770,100.0,"Canalys Q4 2023 plus total from subsequent Canalys comparison"
2024Q1,Apple,12012,35.6,"Canalys Q1 2024"
2024Q1,Samsung,6801,20.2,"Canalys Q1 2024"
2024Q1,Huawei,2735,8.1,"Canalys Q1 2024"
2024Q1,Lenovo,2135,6.3,"Canalys Q1 2024"
2024Q1,Amazon,2045,6.1,"Canalys Q1 2024"
2024Q1,Others,7969,23.6,"Canalys Q1 2024"
2024Q1,Total,33698,100.0,"Canalys Q1 2024"
2024Q2,Apple,13908,38.7,"Canalys Q2 2024"
2024Q2,Samsung,6776,18.9,"Canalys Q2 2024"
2024Q2,Huawei,2501,7.0,"Canalys Q2 2024"
2024Q2,Lenovo,2485,6.9,"Canalys Q2 2024"
2024Q2,Xiaomi,2144,6.0,"Canalys Q2 2024"
2024Q2,Others,8122,22.6,"Canalys Q2 2024"
2024Q2,Total,35937,100.0,"Canalys Q2 2024"
2024Q3,Apple,13591,36.3,"Canalys Q3 2024"
2024Q3,Samsung,6886,18.4,"Canalys Q3 2024"
2024Q3,Lenovo,2974,7.9,"Canalys Q3 2024"
2024Q3,Huawei,2867,7.7,"Canalys Q3 2024"
2024Q3,Xiaomi,2563,6.8,"Canalys Q3 2024"
2024Q3,Others,8549,22.8,"Canalys Q3 2024"
2024Q3,Total,37430,100.0,"Canalys Q3 2024"
2024Q4,Apple,16863,42.3,"Canalys Q4 2024"
2024Q4,Samsung,7096,17.8,"Canalys Q4 2024"
2024Q4,Lenovo,2832,7.1,"Canalys Q4 2024"
2024Q4,Huawei,2639,6.6,"Canalys Q4 2024"
2024Q4,Xiaomi,2542,6.4,"Canalys Q4 2024"
2024Q4,Others,7896,19.8,"Canalys Q4 2024"
2024Q4,Total,39867,100.0,"Canalys Q4 2024"
2025Q1,Apple,13746,37.3,"Canalys Q1 2025"
2025Q1,Samsung,6633,18.0,"Canalys Q1 2025"
2025Q1,Xiaomi,3072,8.3,"Canalys Q1 2025"
2025Q1,Lenovo,2537,6.9,"Canalys Q1 2025"
2025Q1,Huawei,2394,6.5,"Canalys Q1 2025"
2025Q1,Others,8453,22.9,"Canalys Q1 2025"
2025Q1,Total,36834,100.0,"Canalys Q1 2025"
2025Q2,Apple,14108,36.1,"Canalys Q2 2025"
2025Q2,Samsung,6656,17.1,"Canalys Q2 2025"
2025Q2,Huawei,3231,8.3,"Canalys Q2 2025"
2025Q2,Lenovo,3098,7.9,"Canalys Q2 2025"
2025Q2,Xiaomi,3051,7.8,"Canalys Q2 2025"
2025Q2,Others,8891,22.8,"Canalys Q2 2025"
2025Q2,Total,39035,100.0,"Canalys Q2 2025"
